product_id,sku_id
0,0
1,0
2,0
3,0
4,0
5,0
6,0
7,0
8,0
9,0
10,0
11,0
12,0
13,0
14,0
15,0
16,0
17,0
18,0
19,0
20,0
21,0
22,0
23,0
24,0
25,0
26,0
27,0
28,0
29,0
30,0
31,0
32,0
33,0
34,0
35,0
36,0
37,0
38,0
39,0
40,0
41,0
42,0
43,0
44,0
45,0
46,0
47,0
48,0
49,0
50,1
51,1
52,1
53,1
54,1
55,1
56,1
57,1
58,1
59,1
60,1
61,1
62,1
63,1
64,1
65,1
66,1
67,1
68,1
69,1
70,1
71,1
72,1
73,1
74,1
75,1
76,1
77,1
78,1
79,1
80,1
81,1
82,1
83,1
84,1
85,1
86,1
87,1
88,1
89,1
90,1
91,1
92,1
93,1
94,1
95,1
96,1
97,1
98,1
99,1
100,2
101,2
102,2
103,2
104,2
105,2
106,2
107,2
108,2
109,2
110,2
111,2
112,2
113,2
114,2
115,2
116,2
117,2
118,2
119,2
120,2
121,2
122,2
123,2
124,2
125,2
126,2
127,2
128,2
129,2
130,2
131,2
132,2
133,2
134,2
135,2
136,2
137,2
138,2
139,2
140,2
141,2
142,2
143,2
144,2
145,2
146,2
147,2
148,2
149,2
150,3
151,3
152,3
153,3
154,3
155,3
156,3
157,3
158,3
159,3
160,3
161,3
162,3
163,3
164,3
165,3
166,3
167,3
168,3
169,3
170,3
171,3
172,3
173,3
174,3
175,3
176,3
177,3
178,3
179,3
180,3
181,3
182,3
183,3
184,3
185,3
186,3
187,3
188,3
189,3
190,3
191,3
192,3
193,3
194,3
195,3
196,3
197,3
198,3
199,3
200,4
201,4
202,4
203,4
204,4
205,4
206,4
207,4
208,4
209,4
210,4
211,4
212,4
213,4
214,4
215,4
216,4
217,4
218,4
219,4
220,4
221,4
222,4
223,4
224,4
225,4
226,4
227,4
228,4
229,4
230,4
231,4
232,4
233,4
234,4
235,4
236,4
237,4
238,4
239,4
240,4
241,4
242,4
243,4
244,4
245,4
246,4
247,4
248,4
249,4
250,5
251,5
252,5
253,5
254,5
255,5
256,5
257,5
258,5
259,5
260,5
261,5
262,5
263,5
264,5
265,5
266,5
267,5
268,5
269,5
270,5
271,5
272,5
273,5
274,5
275,5
276,5
277,5
278,5
279,5
280,5
281,5
282,5
283,5
284,5
285,5
286,5
287,5
288,5
289,5
290,5
291,5
292,5
293,5
294,5
295,5
296,5
297,5
298,5
299,5
300,6
301,6
302,6
303,6
304,6
305,6
306,6
307,6
308,6
309,6
310,6
311,6
312,6
313,6
314,6
315,6
316,6
317,6
318,6
319,6
320,6
321,6
322,6
323,6
324,6
325,6
326,6
327,6
328,6
329,6
330,6
331,6
332,6
333,6
334,6
335,6
336,6
337,6
338,6
339,6
340,6
341,6
342,6
343,6
344,6
345,6
346,6
347,6
348,6
349,6
350,7
351,7
352,7
353,7
354,7
355,7
356,7
357,7
358,7
359,7
360,7
361,7
362,7
363,7
364,7
365,7
366,7
367,7
368,7
369,7
370,7
371,7
372,7
373,7
374,7
375,7
376,7
377,7
378,7
379,7
380,7
381,7
382,7
383,7
384,7
385,7
386,7
387,7
388,7
389,7
390,7
391,7
392,7
393,7
394,7
395,7
396,7
397,7
398,7
399,7
400,8
401,8
402,8
403,8
404,8
405,8
406,8
407,8
408,8
409,8
410,8
411,8
412,8
413,8
414,8
415,8
416,8
417,8
418,8
419,8
420,8
421,8
422,8
423,8
424,8
425,8
426,8
427,8
428,8
429,8
430,8
431,8
432,8
433,8
434,8
435,8
436,8
437,8
438,8
439,8
440,8
441,8
442,8
443,8
444,8
445,8
446,8
447,8
448,8
449,8
450,9
451,9
452,9
453,9
454,9
455,9
456,9
457,9
458,9
459,9
460,9
461,9
462,9
463,9
464,9
465,9
466,9
467,9
468,9
469,9
470,9
471,9
472,9
473,9
474,9
475,9
476,9
477,9
478,9
479,9
480,9
481,9
482,9
483,9
484,9
485,9
486,9
487,9
488,9
489,9
490,9
491,9
492,9
493,9
494,9
495,9
496,9
497,9
498,9
499,9
500,10
501,10
502,10
503,10
504,10
505,10
506,10
507,10
508,10
509,10
510,10
511,10
512,10
513,10
514,10
515,10
516,10
517,10
518,10
519,10
520,10
521,10
522,10
523,10
524,10
525,10
526,10
527,10
528,10
529,10
530,10
531,10
532,10
533,10
534,10
535,10
536,10
537,10
538,10
539,10
540,10
541,10
542,10
543,10
544,10
545,10
546,10
547,10
548,10
549,10
550,11
551,11
552,11
553,11
554,11
555,11
556,11
557,11
558,11
559,11
560,11
561,11
562,11
563,11
564,11
565,11
566,11
567,11
568,11
569,11
570,11
571,11
572,11
573,11
574,11
575,11
576,11
577,11
578,11
579,11
580,11
581,11
582,11
583,11
584,11
585,11
586,11
587,11
588,11
589,11
590,11
591,11
592,11
593,11
594,11
595,11
596,11
597,11
598,11
599,11
600,12
601,12
602,12
603,12
604,12
605,12
606,12
607,12
608,12
609,12
610,12
611,12
612,12
613,12
614,12
615,12
616,12
617,12
618,12
619,12
620,12
621,12
622,12
623,12
624,12
625,12
626,12
627,12
628,12
629,12
630,12
631,12
632,12
633,12
634,12
635,12
636,12
637,12
638,12
639,12
640,12
641,12
642,12
643,12
644,12
645,12
646,12
647,12
648,12
649,12
650,13
651,13
652,13
653,13
654,13
655,13
656,13
657,13
658,13
659,13
660,13
661,13
662,13
663,13
664,13
665,13
666,13
667,13
668,13
669,13
670,13
671,13
672,13
673,13
674,13
675,13
676,13
677,13
678,13
679,13
680,13
681,13
682,13
683,13
684,13
685,13
686,13
687,13
688,13
689,13
690,13
691,13
692,13
693,13
694,13
695,13
696,13
697,13
698,13
699,13
700,14
701,14
702,14
703,14
704,14
705,14
706,14
707,14
708,14
709,14
710,14
711,14
712,14
713,14
714,14
715,14
716,14
717,14
718,14
719,14
720,14
721,14
722,14
723,14
724,14
725,14
726,14
727,14
728,14
729,14
730,14
731,14
732,14
733,14
734,14
735,14
736,14
737,14
738,14
739,14
740,14
741,14
742,14
743,14
744,14
745,14
746,14
747,14
748,14
749,14
750,15
751,15
752,15
753,15
754,15
755,15
756,15
757,15
758,15
759,15
760,15
761,15
762,15
763,15
764,15
765,15
766,15
767,15
768,15
769,15
770,15
771,15
772,15
773,15
774,15
775,15
776,15
777,15
778,15
779,15
780,15
781,15
782,15
783,15
784,15
785,15
786,15
787,15
788,15
789,15
790,15
791,15
792,15
793,15
794,15
795,15
796,15
797,15
798,15
799,15
800,16
801,16
802,16
803,16
804,16
805,16
806,16
807,16
808,16
809,16
810,16
811,16
812,16
813,16
814,16
815,16
816,16
817,16
818,16
819,16
820,16
821,16
822,16
823,16
824,16
825,16
826,16
827,16
828,16
829,16
830,16
831,16
832,16
833,16
834,16
835,16
836,16
837,16
838,16
839,16
840,16
841,16
842,16
843,16
844,16
845,16
846,16
847,16
848,16
849,16
850,17
851,17
852,17
853,17
854,17
855,17
856,17
857,17
858,17
859,17
860,17
861,17
862,17
863,17
864,17
865,17
866,17
867,17
868,17
869,17
870,17
871,17
872,17
873,17
874,17
875,17
876,17
877,17
878,17
879,17
880,17
881,17
882,17
883,17
884,17
885,17
886,17
887,17
888,17
889,17
890,17
891,17
892,17
893,17
894,17
895,17
896,17
897,17
898,17
899,17
900,18
901,18
902,18
903,18
904,18
905,18
906,18
907,18
908,18
909,18
910,18
911,18
912,18
913,18
914,18
915,18
916,18
917,18
918,18
919,18
920,18
921,18
922,18
923,18
924,18
925,18
926,18
927,18
928,18
929,18
930,18
931,18
932,18
933,18
934,18
935,18
936,18
937,18
938,18
939,18
940,18
941,18
942,18
943,18
944,18
945,18
946,18
947,18
948,18
949,18
950,19
951,19
952,19
953,19
954,19
955,19
956,19
957,19
958,19
959,19
960,19
961,19
962,19
963,19
964,19
965,19
966,19
967,19
968,19
969,19
970,19
971,19
972,19
973,19
974,19
975,19
976,19
977,19
978,19
979,19
980,19
981,19
982,19
983,19
984,19
985,19
986,19
987,19
988,19
989,19
990,19
991,19
992,19
993,19
994,19
995,19
996,19
997,19
998,19
999,19
1000,20
1001,20
1002,20
1003,20
1004,20
1005,20
1006,20
1007,20
1008,20
1009,20
1010,20
1011,20
1012,20
1013,20
1014,20
1015,20
1016,20
1017,20
1018,20
1019,20
1020,20
1021,20
1022,20
1023,20
1024,20
1025,20
1026,20
1027,20
1028,20
1029,20
1030,20
1031,20
1032,20
1033,20
1034,20
1035,20
1036,20
1037,20
1038,20
1039,20
1040,20
1041,20
1042,20
1043,20
1044,20
1045,20
1046,20
1047,20
1048,20
1049,20
1050,21
1051,21
1052,21
1053,21
1054,21
1055,21
1056,21
1057,21
1058,21
1059,21
1060,21
1061,21
1062,21
1063,21
1064,21
1065,21
1066,21
1067,21
1068,21
1069,21
1070,21
1071,21
1072,21
1073,21
1074,21
1075,21
1076,21
1077,21
1078,21
1079,21
1080,21
1081,21
1082,21
1083,21
1084,21
1085,21
1086,21
1087,21
1088,21
1089,21
1090,21
1091,21
1092,21
1093,21
1094,21
1095,21
1096,21
1097,21
1098,21
1099,21
1100,22
1101,22
1102,22
1103,22
1104,22
1105,22
1106,22
1107,22
1108,22
1109,22
1110,22
1111,22
1112,22
1113,22
1114,22
1115,22
1116,22
1117,22
1118,22
1119,22
1120,22
1121,22
1122,22
1123,22
1124,22
1125,22
1126,22
1127,22
1128,22
1129,22
1130,22
1131,22
1132,22
1133,22
1134,22
1135,22
1136,22
1137,22
1138,22
1139,22
1140,22
1141,22
1142,22
1143,22
1144,22
1145,22
1146,22
1147,22
1148,22
1149,22
1150,23
1151,23
1152,23
1153,23
1154,23
1155,23
1156,23
1157,23
1158,23
1159,23
1160,23
1161,23
1162,23
1163,23
1164,23
1165,23
1166,23
1167,23
1168,23
1169,23
1170,23
1171,23
1172,23
1173,23
1174,23
1175,23
1176,23
1177,23
1178,23
1179,23
1180,23
1181,23
1182,23
1183,23
1184,23
1185,23
1186,23
1187,23
1188,23
1189,23
1190,23
1191,23
1192,23
1193,23
1194,23
1195,23
1196,23
1197,23
1198,23
1199,23
1200,24
1201,24
1202,24
1203,24
1204,24
1205,24
1206,24
1207,24
1208,24
1209,24
1210,24
1211,24
1212,24
1213,24
1214,24
1215,24
1216,24
1217,24
1218,24
1219,24
1220,24
1221,24
1222,24
1223,24
1224,24
1225,24
1226,24
1227,24
1228,24
1229,24
1230,24
1231,24
1232,24
1233,24
1234,24
1235,24
1236,24
1237,24
1238,24
1239,24
1240,24
1241,24
1242,24
1243,24
1244,24
1245,24
1246,24
1247,24
1248,24
1249,24
1250,25
1251,25
1252,25
1253,25
1254,25
1255,25
1256,25
1257,25
1258,25
1259,25
1260,25
1261,25
1262,25
1263,25
1264,25
1265,25
1266,25
1267,25
1268,25
1269,25
1270,25
1271,25
1272,25
1273,25
1274,25
1275,25
1276,25
1277,25
1278,25
1279,25
1280,25
1281,25
1282,25
1283,25
1284,25
1285,25
1286,25
1287,25
1288,25
1289,25
1290,25
1291,25
1292,25
1293,25
1294,25
1295,25
1296,25
1297,25
1298,25
1299,25
1300,26
1301,26
1302,26
1303,26
1304,26
1305,26
1306,26
1307,26
1308,26
1309,26
1310,26
1311,26
1312,26
1313,26
1314,26
1315,26
1316,26
1317,26
1318,26
1319,26
1320,26
1321,26
1322,26
1323,26
1324,26
1325,26
1326,26
1327,26
1328,26
1329,26
1330,26
1331,26
1332,26
1333,26
1334,26
1335,26
1336,26
1337,26
1338,26
1339,26
1340,26
1341,26
1342,26
1343,26
1344,26
1345,26
1346,26
1347,26
1348,26
1349,26
1350,27
1351,27
1352,27
1353,27
1354,27
1355,27
1356,27
1357,27
1358,27
1359,27
1360,27
1361,27
1362,27
1363,27
1364,27
1365,27
1366,27
1367,27
1368,27
1369,27
1370,27
1371,27
1372,27
1373,27
1374,27
1375,27
1376,27
1377,27
1378,27
1379,27
1380,27
1381,27
1382,27
1383,27
1384,27
1385,27
1386,27
1387,27
1388,27
1389,27
1390,27
1391,27
1392,27
1393,27
1394,27
1395,27
1396,27
1397,27
1398,27
1399,27
1400,28
1401,28
1402,28
1403,28
1404,28
1405,28
1406,28
1407,28
1408,28
1409,28
1410,28
1411,28
1412,28
1413,28
1414,28
1415,28
1416,28
1417,28
1418,28
1419,28
1420,28
1421,28
1422,28
1423,28
1424,28
1425,28
1426,28
1427,28
1428,28
1429,28
1430,28
1431,28
1432,28
1433,28
1434,28
1435,28
1436,28
1437,28
1438,28
1439,28
1440,28
1441,28
1442,28
1443,28
1444,28
1445,28
1446,28
1447,28
1448,28
1449,28
1450,29
1451,29
1452,29
1453,29
1454,29
1455,29
1456,29
1457,29
1458,29
1459,29
1460,29
1461,29
1462,29
1463,29
1464,29
1465,29
1466,29
1467,29
1468,29
1469,29
1470,29
1471,29
1472,29
1473,29
1474,29
1475,29
1476,29
1477,29
1478,29
1479,29
1480,29
1481,29
1482,29
1483,29
1484,29
1485,29
1486,29
1487,29
1488,29
1489,29
1490,29
1491,29
1492,29
1493,29
1494,29
1495,29
1496,29
1497,29
1498,29
1499,29
1500,30
1501,30
1502,30
1503,30
1504,30
1505,30
1506,30
1507,30
1508,30
1509,30
1510,30
1511,30
1512,30
1513,30
1514,30
1515,30
1516,30
1517,30
1518,30
1519,30
1520,30
1521,30
1522,30
1523,30
1524,30
1525,30
1526,30
1527,30
1528,30
1529,30
1530,30
1531,30
1532,30
1533,30
1534,30
1535,30
1536,30
1537,30
1538,30
1539,30
1540,30
1541,30
1542,30
1543,30
1544,30
1545,30
1546,30
1547,30
1548,30
1549,30
1550,31
1551,31
1552,31
1553,31
1554,31
1555,31
1556,31
1557,31
1558,31
1559,31
1560,31
1561,31
1562,31
1563,31
1564,31
1565,31
1566,31
1567,31
1568,31
1569,31
1570,31
1571,31
1572,31
1573,31
1574,31
1575,31
1576,31
1577,31
1578,31
1579,31
1580,31
1581,31
1582,31
1583,31
1584,31
1585,31
1586,31
1587,31
1588,31
1589,31
1590,31
1591,31
1592,31
1593,31
1594,31
1595,31
1596,31
1597,31
1598,31
1599,31
1600,32
1601,32
1602,32
1603,32
1604,32
1605,32
1606,32
1607,32
1608,32
1609,32
1610,32
1611,32
1612,32
1613,32
1614,32
1615,32
1616,32
1617,32
1618,32
1619,32
1620,32
1621,32
1622,32
1623,32
1624,32
1625,32
1626,32
1627,32
1628,32
1629,32
1630,32
1631,32
1632,32
1633,32
1634,32
1635,32
1636,32
1637,32
1638,32
1639,32
1640,32
1641,32
1642,32
1643,32
1644,32
1645,32
1646,32
1647,32
1648,32
1649,32
1650,33
1651,33
1652,33
1653,33
1654,33
1655,33
1656,33
1657,33
1658,33
1659,33
1660,33
1661,33
1662,33
1663,33
1664,33
1665,33
1666,33
1667,33
1668,33
1669,33
1670,33
1671,33
1672,33
1673,33
1674,33
1675,33
1676,33
1677,33
1678,33
1679,33
1680,33
1681,33
1682,33
1683,33
1684,33
1685,33
1686,33
1687,33
1688,33
1689,33
1690,33
1691,33
1692,33
1693,33
1694,33
1695,33
1696,33
1697,33
1698,33
1699,33
1700,34
1701,34
1702,34
1703,34
1704,34
1705,34
1706,34
1707,34
1708,34
1709,34
1710,34
1711,34
1712,34
1713,34
1714,34
1715,34
1716,34
1717,34
1718,34
1719,34
1720,34
1721,34
1722,34
1723,34
1724,34
1725,34
1726,34
1727,34
1728,34
1729,34
1730,34
1731,34
1732,34
1733,34
1734,34
1735,34
1736,34
1737,34
1738,34
1739,34
1740,34
1741,34
1742,34
1743,34
1744,34
1745,34
1746,34
1747,34
1748,34
1749,34
1750,35
1751,35
1752,35
1753,35
1754,35
1755,35
1756,35
1757,35
1758,35
1759,35
1760,35
1761,35
1762,35
1763,35
1764,35
1765,35
1766,35
1767,35
1768,35
1769,35
1770,35
1771,35
1772,35
1773,35
1774,35
1775,35
1776,35
1777,35
1778,35
1779,35
1780,35
1781,35
1782,35
1783,35
1784,35
1785,35
1786,35
1787,35
1788,35
1789,35
1790,35
1791,35
1792,35
1793,35
1794,35
1795,35
1796,35
1797,35
1798,35
1799,35
1800,36
1801,36
1802,36
1803,36
1804,36
1805,36
1806,36
1807,36
1808,36
1809,36
1810,36
1811,36
1812,36
1813,36
1814,36
1815,36
1816,36
1817,36
1818,36
1819,36
1820,36
1821,36
1822,36
1823,36
1824,36
1825,36
1826,36
1827,36
1828,36
1829,36
1830,36
1831,36
1832,36
1833,36
1834,36
1835,36
1836,36
1837,36
1838,36
1839,36
1840,36
1841,36
1842,36
1843,36
1844,36
1845,36
1846,36
1847,36
1848,36
1849,36
1850,37
1851,37
1852,37
1853,37
1854,37
1855,37
1856,37
1857,37
1858,37
1859,37
1860,37
1861,37
1862,37
1863,37
1864,37
1865,37
1866,37
1867,37
1868,37
1869,37
1870,37
1871,37
1872,37
1873,37
1874,37
1875,37
1876,37
1877,37
1878,37
1879,37
1880,37
1881,37
1882,37
1883,37
1884,37
1885,37
1886,37
1887,37
1888,37
1889,37
1890,37
1891,37
1892,37
1893,37
1894,37
1895,37
1896,37
1897,37
1898,37
1899,37
1900,38
1901,38
1902,38
1903,38
1904,38
1905,38
1906,38
1907,38
1908,38
1909,38
1910,38
1911,38
1912,38
1913,38
1914,38
1915,38
1916,38
1917,38
1918,38
1919,38
1920,38
1921,38
1922,38
1923,38
1924,38
1925,38
1926,38
1927,38
1928,38
1929,38
1930,38
1931,38
1932,38
1933,38
1934,38
1935,38
1936,38
1937,38
1938,38
1939,38
1940,38
1941,38
1942,38
1943,38
1944,38
1945,38
1946,38
1947,38
1948,38
1949,38
1950,39
1951,39
1952,39
1953,39
1954,39
1955,39
1956,39
1957,39
1958,39
1959,39
1960,39
1961,39
1962,39
1963,39
1964,39
1965,39
1966,39
1967,39
1968,39
1969,39
1970,39
1971,39
1972,39
1973,39
1974,39
1975,39
1976,39
1977,39
1978,39
1979,39
1980,39
1981,39
1982,39
1983,39
1984,39
1985,39
1986,39
1987,39
1988,39
1989,39
1990,39
1991,39
1992,39
1993,39
1994,39
1995,39
1996,39
1997,39
1998,39
1999,39
2000,40
2001,40
2002,40
2003,40
2004,40
2005,40
2006,40
2007,40
2008,40
2009,40
2010,40
2011,40
2012,40
2013,40
2014,40
2015,40
2016,40
2017,40
2018,40
2019,40
2020,40
2021,40
2022,40
2023,40
2024,40
2025,40
2026,40
2027,40
2028,40
2029,40
2030,40
2031,40
2032,40
2033,40
2034,40
2035,40
2036,40
2037,40
2038,40
2039,40
2040,40
2041,40
2042,40
2043,40
2044,40
2045,40
2046,40
2047,40
2048,40
2049,40
2050,41
2051,41
2052,41
2053,41
2054,41
2055,41
2056,41
2057,41
2058,41
2059,41
2060,41
2061,41
2062,41
2063,41
2064,41
2065,41
2066,41
2067,41
2068,41
2069,41
2070,41
2071,41
2072,41
2073,41
2074,41
2075,41
2076,41
2077,41
2078,41
2079,41
2080,41
2081,41
2082,41
2083,41
2084,41
2085,41
2086,41
2087,41
2088,41
2089,41
2090,41
2091,41
2092,41
2093,41
2094,41
2095,41
2096,41
2097,41
2098,41
2099,41
2100,42
2101,42
2102,42
2103,42
2104,42
2105,42
2106,42
2107,42
2108,42
2109,42
2110,42
2111,42
2112,42
2113,42
2114,42
2115,42
2116,42
2117,42
2118,42
2119,42
2120,42
2121,42
2122,42
2123,42
2124,42
2125,42
2126,42
2127,42
2128,42
2129,42
2130,42
2131,42
2132,42
2133,42
2134,42
2135,42
2136,42
2137,42
2138,42
2139,42
2140,42
2141,42
2142,42
2143,42
2144,42
2145,42
2146,42
2147,42
2148,42
2149,42
2150,43
2151,43
2152,43
2153,43
2154,43
2155,43
2156,43
2157,43
2158,43
2159,43
2160,43
2161,43
2162,43
2163,43
2164,43
2165,43
2166,43
2167,43
2168,43
2169,43
2170,43
2171,43
2172,43
2173,43
2174,43
2175,43
2176,43
2177,43
2178,43
2179,43
2180,43
2181,43
2182,43
2183,43
2184,43
2185,43
2186,43
2187,43
2188,43
2189,43
2190,43
2191,43
2192,43
2193,43
2194,43
2195,43
2196,43
2197,43
2198,43
2199,43
2200,44
2201,44
2202,44
2203,44
2204,44
2205,44
2206,44
2207,44
2208,44
2209,44
2210,44
2211,44
2212,44
2213,44
2214,44
2215,44
2216,44
2217,44
2218,44
2219,44
2220,44
2221,44
2222,44
2223,44
2224,44
2225,44
2226,44
2227,44
2228,44
2229,44
2230,44
2231,44
2232,44
2233,44
2234,44
2235,44
2236,44
2237,44
2238,44
2239,44
2240,44
2241,44
2242,44
2243,44
2244,44
2245,44
2246,44
2247,44
2248,44
2249,44
2250,45
2251,45
2252,45
2253,45
2254,45
2255,45
2256,45
2257,45
2258,45
2259,45
2260,45
2261,45
2262,45
2263,45
2264,45
2265,45
2266,45
2267,45
2268,45
2269,45
2270,45
2271,45
2272,45
2273,45
2274,45
2275,45
2276,45
2277,45
2278,45
2279,45
2280,45
2281,45
2282,45
2283,45
2284,45
2285,45
2286,45
2287,45
2288,45
2289,45
2290,45
2291,45
2292,45
2293,45
2294,45
2295,45
2296,45
2297,45
2298,45
2299,45
2300,46
2301,46
2302,46
2303,46
2304,46
2305,46
2306,46
2307,46
2308,46
2309,46
2310,46
2311,46
2312,46
2313,46
2314,46
2315,46
2316,46
2317,46
2318,46
2319,46
2320,46
2321,46
2322,46
2323,46
2324,46
2325,46
2326,46
2327,46
2328,46
2329,46
2330,46
2331,46
2332,46
2333,46
2334,46
2335,46
2336,46
2337,46
2338,46
2339,46
2340,46
2341,46
2342,46
2343,46
2344,46
2345,46
2346,46
2347,46
2348,46
2349,46
2350,47
2351,47
2352,47
2353,47
2354,47
2355,47
2356,47
2357,47
2358,47
2359,47
2360,47
2361,47
2362,47
2363,47
2364,47
2365,47
2366,47
2367,47
2368,47
2369,47
2370,47
2371,47
2372,47
2373,47
2374,47
2375,47
2376,47
2377,47
2378,47
2379,47
2380,47
2381,47
2382,47
2383,47
2384,47
2385,47
2386,47
2387,47
2388,47
2389,47
2390,47
2391,47
2392,47
2393,47
2394,47
2395,47
2396,47
2397,47
2398,47
2399,47
2400,48
2401,48
2402,48
2403,48
2404,48
2405,48
2406,48
2407,48
2408,48
2409,48
2410,48
2411,48
2412,48
2413,48
2414,48
2415,48
2416,48
2417,48
2418,48
2419,48
2420,48
2421,48
2422,48
2423,48
2424,48
2425,48
2426,48
2427,48
2428,48
2429,48
2430,48
2431,48
2432,48
2433,48
2434,48
2435,48
2436,48
2437,48
2438,48
2439,48
2440,48
2441,48
2442,48
2443,48
2444,48
2445,48
2446,48
2447,48
2448,48
2449,48
2450,49
2451,49
2452,49
2453,49
2454,49
2455,49
2456,49
2457,49
2458,49
2459,49
2460,49
2461,49
2462,49
2463,49
2464,49
2465,49
2466,49
2467,49
2468,49
2469,49
2470,49
2471,49
2472,49
2473,49
2474,49
2475,49
2476,49
2477,49
2478,49
2479,49
2480,49
2481,49
2482,49
2483,49
2484,49
2485,49
2486,49
2487,49
2488,49
2489,49
2490,49
2491,49
2492,49
2493,49
2494,49
2495,49
2496,49
2497,49
2498,49
2499,49
2500,50
2501,50
2502,50
2503,50
2504,50
2505,50
2506,50
2507,50
2508,50
2509,50
2510,50
2511,50
2512,50
2513,50
2514,50
2515,50
2516,50
2517,50
2518,50
2519,50
2520,50
2521,50
2522,50
2523,50
2524,50
2525,50
2526,50
2527,50
2528,50
2529,50
2530,50
2531,50
2532,50
2533,50
2534,50
2535,50
2536,50
2537,50
2538,50
2539,50
2540,50
2541,50
2542,50
2543,50
2544,50
2545,50
2546,50
2547,50
2548,50
2549,50
2550,51
2551,51
2552,51
2553,51
2554,51
2555,51
2556,51
2557,51
2558,51
2559,51
2560,51
2561,51
2562,51
2563,51
2564,51
2565,51
2566,51
2567,51
2568,51
2569,51
2570,51
2571,51
2572,51
2573,51
2574,51
2575,51
2576,51
2577,51
2578,51
2579,51
2580,51
2581,51
2582,51
2583,51
2584,51
2585,51
2586,51
2587,51
2588,51
2589,51
2590,51
2591,51
2592,51
2593,51
2594,51
2595,51
2596,51
2597,51
2598,51
2599,51
2600,52
2601,52
2602,52
2603,52
2604,52
2605,52
2606,52
2607,52
2608,52
2609,52
2610,52
2611,52
2612,52
2613,52
2614,52
2615,52
2616,52
2617,52
2618,52
2619,52
2620,52
2621,52
2622,52
2623,52
2624,52
2625,52
2626,52
2627,52
2628,52
2629,52
2630,52
2631,52
2632,52
2633,52
2634,52
2635,52
2636,52
2637,52
2638,52
2639,52
2640,52
2641,52
2642,52
2643,52
2644,52
2645,52
2646,52
2647,52
2648,52
2649,52
2650,53
2651,53
2652,53
2653,53
2654,53
2655,53
2656,53
2657,53
2658,53
2659,53
2660,53
2661,53
2662,53
2663,53
2664,53
2665,53
2666,53
2667,53
2668,53
2669,53
2670,53
2671,53
2672,53
2673,53
2674,53
2675,53
2676,53
2677,53
2678,53
2679,53
2680,53
2681,53
2682,53
2683,53
2684,53
2685,53
2686,53
2687,53
2688,53
2689,53
2690,53
2691,53
2692,53
2693,53
2694,53
2695,53
2696,53
2697,53
2698,53
2699,53
2700,54
2701,54
2702,54
2703,54
2704,54
2705,54
2706,54
2707,54
2708,54
2709,54
2710,54
2711,54
2712,54
2713,54
2714,54
2715,54
2716,54
2717,54
2718,54
2719,54
2720,54
2721,54
2722,54
2723,54
2724,54
2725,54
2726,54
2727,54
2728,54
2729,54
2730,54
2731,54
2732,54
2733,54
2734,54
2735,54
2736,54
2737,54
2738,54
2739,54
2740,54
2741,54
2742,54
2743,54
2744,54
2745,54
2746,54
2747,54
2748,54
2749,54
2750,55
2751,55
2752,55
2753,55
2754,55
2755,55
2756,55
2757,55
2758,55
2759,55
2760,55
2761,55
2762,55
2763,55
2764,55
2765,55
2766,55
2767,55
2768,55
2769,55
2770,55
2771,55
2772,55
2773,55
2774,55
2775,55
2776,55
2777,55
2778,55
2779,55
2780,55
2781,55
2782,55
2783,55
2784,55
2785,55
2786,55
2787,55
2788,55
2789,55
2790,55
2791,55
2792,55
2793,55
2794,55
2795,55
2796,55
2797,55
2798,55
2799,55
2800,56
2801,56
2802,56
2803,56
2804,56
2805,56
2806,56
2807,56
2808,56
2809,56
2810,56
2811,56
2812,56
2813,56
2814,56
2815,56
2816,56
2817,56
2818,56
2819,56
2820,56
2821,56
2822,56
2823,56
2824,56
2825,56
2826,56
2827,56
2828,56
2829,56
2830,56
2831,56
2832,56
2833,56
2834,56
2835,56
2836,56
2837,56
2838,56
2839,56
2840,56
2841,56
2842,56
2843,56
2844,56
2845,56
2846,56
2847,56
2848,56
2849,56
2850,57
2851,57
2852,57
2853,57
2854,57
2855,57
2856,57
2857,57
2858,57
2859,57
2860,57
2861,57
2862,57
2863,57
2864,57
2865,57
2866,57
2867,57
2868,57
2869,57
2870,57
2871,57
2872,57
2873,57
2874,57
2875,57
2876,57
2877,57
2878,57
2879,57
2880,57
2881,57
2882,57
2883,57
2884,57
2885,57
2886,57
2887,57
2888,57
2889,57
2890,57
2891,57
2892,57
2893,57
2894,57
2895,57
2896,57
2897,57
2898,57
2899,57
2900,58
2901,58
2902,58
2903,58
2904,58
2905,58
2906,58
2907,58
2908,58
2909,58
2910,58
2911,58
2912,58
2913,58
2914,58
2915,58
2916,58
2917,58
2918,58
2919,58
2920,58
2921,58
2922,58
2923,58
2924,58
2925,58
2926,58
2927,58
2928,58
2929,58
2930,58
2931,58
2932,58
2933,58
2934,58
2935,58
2936,58
2937,58
2938,58
2939,58
2940,58
2941,58
2942,58
2943,58
2944,58
2945,58
2946,58
2947,58
2948,58
2949,58
2950,59
2951,59
2952,59
2953,59
2954,59
2955,59
2956,59
2957,59
2958,59
2959,59
2960,59
2961,59
2962,59
2963,59
2964,59
2965,59
2966,59
2967,59
2968,59
2969,59
2970,59
2971,59
2972,59
2973,59
2974,59
2975,59
2976,59
2977,59
2978,59
2979,59
2980,59
2981,59
2982,59
2983,59
2984,59
2985,59
2986,59
2987,59
2988,59
2989,59
2990,59
2991,59
2992,59
2993,59
2994,59
2995,59
2996,59
2997,59
2998,59
2999,59
3000,60
3001,60
3002,60
3003,60
3004,60
3005,60
3006,60
3007,60
3008,60
3009,60
3010,60
3011,60
3012,60
3013,60
3014,60
3015,60
3016,60
3017,60
3018,60
3019,60
3020,60
3021,60
3022,60
3023,60
3024,60
3025,60
3026,60
3027,60
3028,60
3029,60
3030,60
3031,60
3032,60
3033,60
3034,60
3035,60
3036,60
3037,60
3038,60
3039,60
3040,60
3041,60
3042,60
3043,60
3044,60
3045,60
3046,60
3047,60
3048,60
3049,60
3050,61
3051,61
3052,61
3053,61
3054,61
3055,61
3056,61
3057,61
3058,61
3059,61
3060,61
3061,61
3062,61
3063,61
3064,61
3065,61
3066,61
3067,61
3068,61
3069,61
3070,61
3071,61
3072,61
3073,61
3074,61
3075,61
3076,61
3077,61
3078,61
3079,61
3080,61
3081,61
3082,61
3083,61
3084,61
3085,61
3086,61
3087,61
3088,61
3089,61
3090,61
3091,61
3092,61
3093,61
3094,61
3095,61
3096,61
3097,61
3098,61
3099,61
3100,62
3101,62
3102,62
3103,62
3104,62
3105,62
3106,62
3107,62
3108,62
3109,62
3110,62
3111,62
3112,62
3113,62
3114,62
3115,62
3116,62
3117,62
3118,62
3119,62
3120,62
3121,62
3122,62
3123,62
3124,62
3125,62
3126,62
3127,62
3128,62
3129,62
3130,62
3131,62
3132,62
3133,62
3134,62
3135,62
3136,62
3137,62
3138,62
3139,62
3140,62
3141,62
3142,62
3143,62
3144,62
3145,62
3146,62
3147,62
3148,62
3149,62
3150,63
3151,63
3152,63
3153,63
3154,63
3155,63
3156,63
3157,63
3158,63
3159,63
3160,63
3161,63
3162,63
3163,63
3164,63
3165,63
3166,63
3167,63
3168,63
3169,63
3170,63
3171,63
3172,63
3173,63
3174,63
3175,63
3176,63
3177,63
3178,63
3179,63
3180,63
3181,63
3182,63
3183,63
3184,63
3185,63
3186,63
3187,63
3188,63
3189,63
3190,63
3191,63
3192,63
3193,63
3194,63
3195,63
3196,63
3197,63
3198,63
3199,63
3200,64
3201,64
3202,64
3203,64
3204,64
3205,64
3206,64
3207,64
3208,64
3209,64
3210,64
3211,64
3212,64
3213,64
3214,64
3215,64
3216,64
3217,64
3218,64
3219,64
3220,64
3221,64
3222,64
3223,64
3224,64
3225,64
3226,64
3227,64
3228,64
3229,64
3230,64
3231,64
3232,64
3233,64
3234,64
3235,64
3236,64
3237,64
3238,64
3239,64
3240,64
3241,64
3242,64
3243,64
3244,64
3245,64
3246,64
3247,64
3248,64
3249,64
3250,65
3251,65
3252,65
3253,65
3254,65
3255,65
3256,65
3257,65
3258,65
3259,65
3260,65
3261,65
3262,65
3263,65
3264,65
3265,65
3266,65
3267,65
3268,65
3269,65
3270,65
3271,65
3272,65
3273,65
3274,65
3275,65
3276,65
3277,65
3278,65
3279,65
3280,65
3281,65
3282,65
3283,65
3284,65
3285,65
3286,65
3287,65
3288,65
3289,65
3290,65
3291,65
3292,65
3293,65
3294,65
3295,65
3296,65
3297,65
3298,65
3299,65
3300,66
3301,66
3302,66
3303,66
3304,66
3305,66
3306,66
3307,66
3308,66
3309,66
3310,66
3311,66
3312,66
3313,66
3314,66
3315,66
3316,66
3317,66
3318,66
3319,66
3320,66
3321,66
3322,66
3323,66
3324,66
3325,66
3326,66
3327,66
3328,66
3329,66
3330,66
3331,66
3332,66
3333,66
3334,66
3335,66
3336,66
3337,66
3338,66
3339,66
3340,66
3341,66
3342,66
3343,66
3344,66
3345,66
3346,66
3347,66
3348,66
3349,66
3350,67
3351,67
3352,67
3353,67
3354,67
3355,67
3356,67
3357,67
3358,67
3359,67
3360,67
3361,67
3362,67
3363,67
3364,67
3365,67
3366,67
3367,67
3368,67
3369,67
3370,67
3371,67
3372,67
3373,67
3374,67
3375,67
3376,67
3377,67
3378,67
3379,67
3380,67
3381,67
3382,67
3383,67
3384,67
3385,67
3386,67
3387,67
3388,67
3389,67
3390,67
3391,67
3392,67
3393,67
3394,67
3395,67
3396,67
3397,67
3398,67
3399,67
3400,68
3401,68
3402,68
3403,68
3404,68
3405,68
3406,68
3407,68
3408,68
3409,68
3410,68
3411,68
3412,68
3413,68
3414,68
3415,68
3416,68
3417,68
3418,68
3419,68
3420,68
3421,68
3422,68
3423,68
3424,68
3425,68
3426,68
3427,68
3428,68
3429,68
3430,68
3431,68
3432,68
3433,68
3434,68
3435,68
3436,68
3437,68
3438,68
3439,68
3440,68
3441,68
3442,68
3443,68
3444,68
3445,68
3446,68
3447,68
3448,68
3449,68
3450,69
3451,69
3452,69
3453,69
3454,69
3455,69
3456,69
3457,69
3458,69
3459,69
3460,69
3461,69
3462,69
3463,69
3464,69
3465,69
3466,69
3467,69
3468,69
3469,69
3470,69
3471,69
3472,69
3473,69
3474,69
3475,69
3476,69
3477,69
3478,69
3479,69
3480,69
3481,69
3482,69
3483,69
3484,69
3485,69
3486,69
3487,69
3488,69
3489,69
3490,69
3491,69
3492,69
3493,69
3494,69
3495,69
3496,69
3497,69
3498,69
3499,69
3500,70
3501,70
3502,70
3503,70
3504,70
3505,70
3506,70
3507,70
3508,70
3509,70
3510,70
3511,70
3512,70
3513,70
3514,70
3515,70
3516,70
3517,70
3518,70
3519,70
3520,70
3521,70
3522,70
3523,70
3524,70
3525,70
3526,70
3527,70
3528,70
3529,70
3530,70
3531,70
3532,70
3533,70
3534,70
3535,70
3536,70
3537,70
3538,70
3539,70
3540,70
3541,70
3542,70
3543,70
3544,70
3545,70
3546,70
3547,70
3548,70
3549,70
3550,71
3551,71
3552,71
3553,71
3554,71
3555,71
3556,71
3557,71
3558,71
3559,71
3560,71
3561,71
3562,71
3563,71
3564,71
3565,71
3566,71
3567,71
3568,71
3569,71
3570,71
3571,71
3572,71
3573,71
3574,71
3575,71
3576,71
3577,71
3578,71
3579,71
3580,71
3581,71
3582,71
3583,71
3584,71
3585,71
3586,71
3587,71
3588,71
3589,71
3590,71
3591,71
3592,71
3593,71
3594,71
3595,71
3596,71
3597,71
3598,71
3599,71
3600,72
3601,72
3602,72
3603,72
3604,72
3605,72
3606,72
3607,72
3608,72
3609,72
3610,72
3611,72
3612,72
3613,72
3614,72
3615,72
3616,72
3617,72
3618,72
3619,72
3620,72
3621,72
3622,72
3623,72
3624,72
3625,72
3626,72
3627,72
3628,72
3629,72
3630,72
3631,72
3632,72
3633,72
3634,72
3635,72
3636,72
3637,72
3638,72
3639,72
3640,72
3641,72
3642,72
3643,72
3644,72
3645,72
3646,72
3647,72
3648,72
3649,72
3650,73
3651,73
3652,73
3653,73
3654,73
3655,73
3656,73
3657,73
3658,73
3659,73
3660,73
3661,73
3662,73
3663,73
3664,73
3665,73
3666,73
3667,73
3668,73
3669,73
3670,73
3671,73
3672,73
3673,73
3674,73
3675,73
3676,73
3677,73
3678,73
3679,73
3680,73
3681,73
3682,73
3683,73
3684,73
3685,73
3686,73
3687,73
3688,73
3689,73
3690,73
3691,73
3692,73
3693,73
3694,73
3695,73
3696,73
3697,73
3698,73
3699,73
3700,74
3701,74
3702,74
3703,74
3704,74
3705,74
3706,74
3707,74
3708,74
3709,74
3710,74
3711,74
3712,74
3713,74
3714,74
3715,74
3716,74
3717,74
3718,74
3719,74
3720,74
3721,74
3722,74
3723,74
3724,74
3725,74
3726,74
3727,74
3728,74
3729,74
3730,74
3731,74
3732,74
3733,74
3734,74
3735,74
3736,74
3737,74
3738,74
3739,74
3740,74
3741,74
3742,74
3743,74
3744,74
3745,74
3746,74
3747,74
3748,74
3749,74
3750,75
3751,75
3752,75
3753,75
3754,75
3755,75
3756,75
3757,75
3758,75
3759,75
3760,75
3761,75
3762,75
3763,75
3764,75
3765,75
3766,75
3767,75
3768,75
3769,75
3770,75
3771,75
3772,75
3773,75
3774,75
3775,75
3776,75
3777,75
3778,75
3779,75
3780,75
3781,75
3782,75
3783,75
3784,75
3785,75
3786,75
3787,75
3788,75
3789,75
3790,75
3791,75
3792,75
3793,75
3794,75
3795,75
3796,75
3797,75
3798,75
3799,75
3800,76
3801,76
3802,76
3803,76
3804,76
3805,76
3806,76
3807,76
3808,76
3809,76
3810,76
3811,76
3812,76
3813,76
3814,76
3815,76
3816,76
3817,76
3818,76
3819,76
3820,76
3821,76
3822,76
3823,76
3824,76
3825,76
3826,76
3827,76
3828,76
3829,76
3830,76
3831,76
3832,76
3833,76
3834,76
3835,76
3836,76
3837,76
3838,76
3839,76
3840,76
3841,76
3842,76
3843,76
3844,76
3845,76
3846,76
3847,76
3848,76
3849,76
3850,77
3851,77
3852,77
3853,77
3854,77
3855,77
3856,77
3857,77
3858,77
3859,77
3860,77
3861,77
3862,77
3863,77
3864,77
3865,77
3866,77
3867,77
3868,77
3869,77
3870,77
3871,77
3872,77
3873,77
3874,77
3875,77
3876,77
3877,77
3878,77
3879,77
3880,77
3881,77
3882,77
3883,77
3884,77
3885,77
3886,77
3887,77
3888,77
3889,77
3890,77
3891,77
3892,77
3893,77
3894,77
3895,77
3896,77
3897,77
3898,77
3899,77
3900,78
3901,78
3902,78
3903,78
3904,78
3905,78
3906,78
3907,78
3908,78
3909,78
3910,78
3911,78
3912,78
3913,78
3914,78
3915,78
3916,78
3917,78
3918,78
3919,78
3920,78
3921,78
3922,78
3923,78
3924,78
3925,78
3926,78
3927,78
3928,78
3929,78
3930,78
3931,78
3932,78
3933,78
3934,78
3935,78
3936,78
3937,78
3938,78
3939,78
3940,78
3941,78
3942,78
3943,78
3944,78
3945,78
3946,78
3947,78
3948,78
3949,78
3950,79
3951,79
3952,79
3953,79
3954,79
3955,79
3956,79
3957,79
3958,79
3959,79
3960,79
3961,79
3962,79
3963,79
3964,79
3965,79
3966,79
3967,79
3968,79
3969,79
3970,79
3971,79
3972,79
3973,79
3974,79
3975,79
3976,79
3977,79
3978,79
3979,79
3980,79
3981,79
3982,79
3983,79
3984,79
3985,79
3986,79
3987,79
3988,79
3989,79
3990,79
3991,79
3992,79
3993,79
3994,79
3995,79
3996,79
3997,79
3998,79
3999,79
4000,80
4001,80
4002,80
4003,80
4004,80
4005,80
4006,80
4007,80
4008,80
4009,80
4010,80
4011,80
4012,80
4013,80
4014,80
4015,80
4016,80
4017,80
4018,80
4019,80
4020,80
4021,80
4022,80
4023,80
4024,80
4025,80
4026,80
4027,80
4028,80
4029,80
4030,80
4031,80
4032,80
4033,80
4034,80
4035,80
4036,80
4037,80
4038,80
4039,80
4040,80
4041,80
4042,80
4043,80
4044,80
4045,80
4046,80
4047,80
4048,80
4049,80
4050,81
4051,81
4052,81
4053,81
4054,81
4055,81
4056,81
4057,81
4058,81
4059,81
4060,81
4061,81
4062,81
4063,81
4064,81
4065,81
4066,81
4067,81
4068,81
4069,81
4070,81
4071,81
4072,81
4073,81
4074,81
4075,81
4076,81
4077,81
4078,81
4079,81
4080,81
4081,81
4082,81
4083,81
4084,81
4085,81
4086,81
4087,81
4088,81
4089,81
4090,81
4091,81
4092,81
4093,81
4094,81
4095,81
4096,81
4097,81
4098,81
4099,81
4100,82
4101,82
4102,82
4103,82
4104,82
4105,82
4106,82
4107,82
4108,82
4109,82
4110,82
4111,82
4112,82
4113,82
4114,82
4115,82
4116,82
4117,82
4118,82
4119,82
4120,82
4121,82
4122,82
4123,82
4124,82
4125,82
4126,82
4127,82
4128,82
4129,82
4130,82
4131,82
4132,82
4133,82
4134,82
4135,82
4136,82
4137,82
4138,82
4139,82
4140,82
4141,82
4142,82
4143,82
4144,82
4145,82
4146,82
4147,82
4148,82
4149,82
4150,83
4151,83
4152,83
4153,83
4154,83
4155,83
4156,83
4157,83
4158,83
4159,83
4160,83
4161,83
4162,83
4163,83
4164,83
4165,83
4166,83
4167,83
4168,83
4169,83
4170,83
4171,83
4172,83
4173,83
4174,83
4175,83
4176,83
4177,83
4178,83
4179,83
4180,83
4181,83
4182,83
4183,83
4184,83
4185,83
4186,83
4187,83
4188,83
4189,83
4190,83
4191,83
4192,83
4193,83
4194,83
4195,83
4196,83
4197,83
4198,83
4199,83
4200,84
4201,84
4202,84
4203,84
4204,84
4205,84
4206,84
4207,84
4208,84
4209,84
4210,84
4211,84
4212,84
4213,84
4214,84
4215,84
4216,84
4217,84
4218,84
4219,84
4220,84
4221,84
4222,84
4223,84
4224,84
4225,84
4226,84
4227,84
4228,84
4229,84
4230,84
4231,84
4232,84
4233,84
4234,84
4235,84
4236,84
4237,84
4238,84
4239,84
4240,84
4241,84
4242,84
4243,84
4244,84
4245,84
4246,84
4247,84
4248,84
4249,84
4250,85
4251,85
4252,85
4253,85
4254,85
4255,85
4256,85
4257,85
4258,85
4259,85
4260,85
4261,85
4262,85
4263,85
4264,85
4265,85
4266,85
4267,85
4268,85
4269,85
4270,85
4271,85
4272,85
4273,85
4274,85
4275,85
4276,85
4277,85
4278,85
4279,85
4280,85
4281,85
4282,85
4283,85
4284,85
4285,85
4286,85
4287,85
4288,85
4289,85
4290,85
4291,85
4292,85
4293,85
4294,85
4295,85
4296,85
4297,85
4298,85
4299,85
4300,86
4301,86
4302,86
4303,86
4304,86
4305,86
4306,86
4307,86
4308,86
4309,86
4310,86
4311,86
4312,86
4313,86
4314,86
4315,86
4316,86
4317,86
4318,86
4319,86
4320,86
4321,86
4322,86
4323,86
4324,86
4325,86
4326,86
4327,86
4328,86
4329,86
4330,86
4331,86
4332,86
4333,86
4334,86
4335,86
4336,86
4337,86
4338,86
4339,86
4340,86
4341,86
4342,86
4343,86
4344,86
4345,86
4346,86
4347,86
4348,86
4349,86
4350,87
4351,87
4352,87
4353,87
4354,87
4355,87
4356,87
4357,87
4358,87
4359,87
4360,87
4361,87
4362,87
4363,87
4364,87
4365,87
4366,87
4367,87
4368,87
4369,87
4370,87
4371,87
4372,87
4373,87
4374,87
4375,87
4376,87
4377,87
4378,87
4379,87
4380,87
4381,87
4382,87
4383,87
4384,87
4385,87
4386,87
4387,87
4388,87
4389,87
4390,87
4391,87
4392,87
4393,87
4394,87
4395,87
4396,87
4397,87
4398,87
4399,87
4400,88
4401,88
4402,88
4403,88
4404,88
4405,88
4406,88
4407,88
4408,88
4409,88
4410,88
4411,88
4412,88
4413,88
4414,88
4415,88
4416,88
4417,88
4418,88
4419,88
4420,88
4421,88
4422,88
4423,88
4424,88
4425,88
4426,88
4427,88
4428,88
4429,88
4430,88
4431,88
4432,88
4433,88
4434,88
4435,88
4436,88
4437,88
4438,88
4439,88
4440,88
4441,88
4442,88
4443,88
4444,88
4445,88
4446,88
4447,88
4448,88
4449,88
4450,89
4451,89
4452,89
4453,89
4454,89
4455,89
4456,89
4457,89
4458,89
4459,89
4460,89
4461,89
4462,89
4463,89
4464,89
4465,89
4466,89
4467,89
4468,89
4469,89
4470,89
4471,89
4472,89
4473,89
4474,89
4475,89
4476,89
4477,89
4478,89
4479,89
4480,89
4481,89
4482,89
4483,89
4484,89
4485,89
4486,89
4487,89
4488,89
4489,89
4490,89
4491,89
4492,89
4493,89
4494,89
4495,89
4496,89
4497,89
4498,89
4499,89
4500,90
4501,90
4502,90
4503,90
4504,90
4505,90
4506,90
4507,90
4508,90
4509,90
4510,90
4511,90
4512,90
4513,90
4514,90
4515,90
4516,90
4517,90
4518,90
4519,90
4520,90
4521,90
4522,90
4523,90
4524,90
4525,90
4526,90
4527,90
4528,90
4529,90
4530,90
4531,90
4532,90
4533,90
4534,90
4535,90
4536,90
4537,90
4538,90
4539,90
4540,90
4541,90
4542,90
4543,90
4544,90
4545,90
4546,90
4547,90
4548,90
4549,90
4550,91
4551,91
4552,91
4553,91
4554,91
4555,91
4556,91
4557,91
4558,91
4559,91
4560,91
4561,91
4562,91
4563,91
4564,91
4565,91
4566,91
4567,91
4568,91
4569,91
4570,91
4571,91
4572,91
4573,91
4574,91
4575,91
4576,91
4577,91
4578,91
4579,91
4580,91
4581,91
4582,91
4583,91
4584,91
4585,91
4586,91
4587,91
4588,91
4589,91
4590,91
4591,91
4592,91
4593,91
4594,91
4595,91
4596,91
4597,91
4598,91
4599,91
4600,92
4601,92
4602,92
4603,92
4604,92
4605,92
4606,92
4607,92
4608,92
4609,92
4610,92
4611,92
4612,92
4613,92
4614,92
4615,92
4616,92
4617,92
4618,92
4619,92
4620,92
4621,92
4622,92
4623,92
4624,92
4625,92
4626,92
4627,92
4628,92
4629,92
4630,92
4631,92
4632,92
4633,92
4634,92
4635,92
4636,92
4637,92
4638,92
4639,92
4640,92
4641,92
4642,92
4643,92
4644,92
4645,92
4646,92
4647,92
4648,92
4649,92
4650,93
4651,93
4652,93
4653,93
4654,93
4655,93
4656,93
4657,93
4658,93
4659,93
4660,93
4661,93
4662,93
4663,93
4664,93
4665,93
4666,93
4667,93
4668,93
4669,93
4670,93
4671,93
4672,93
4673,93
4674,93
4675,93
4676,93
4677,93
4678,93
4679,93
4680,93
4681,93
4682,93
4683,93
4684,93
4685,93
4686,93
4687,93
4688,93
4689,93
4690,93
4691,93
4692,93
4693,93
4694,93
4695,93
4696,93
4697,93
4698,93
4699,93
4700,94
4701,94
4702,94
4703,94
4704,94
4705,94
4706,94
4707,94
4708,94
4709,94
4710,94
4711,94
4712,94
4713,94
4714,94
4715,94
4716,94
4717,94
4718,94
4719,94
4720,94
4721,94
4722,94
4723,94
4724,94
4725,94
4726,94
4727,94
4728,94
4729,94
4730,94
4731,94
4732,94
4733,94
4734,94
4735,94
4736,94
4737,94
4738,94
4739,94
4740,94
4741,94
4742,94
4743,94
4744,94
4745,94
4746,94
4747,94
4748,94
4749,94
4750,95
4751,95
4752,95
4753,95
4754,95
4755,95
4756,95
4757,95
4758,95
4759,95
4760,95
4761,95
4762,95
4763,95
4764,95
4765,95
4766,95
4767,95
4768,95
4769,95
4770,95
4771,95
4772,95
4773,95
4774,95
4775,95
4776,95
4777,95
4778,95
4779,95
4780,95
4781,95
4782,95
4783,95
4784,95
4785,95
4786,95
4787,95
4788,95
4789,95
4790,95
4791,95
4792,95
4793,95
4794,95
4795,95
4796,95
4797,95
4798,95
4799,95
4800,96
4801,96
4802,96
4803,96
4804,96
4805,96
4806,96
4807,96
4808,96
4809,96
4810,96
4811,96
4812,96
4813,96
4814,96
4815,96
4816,96
4817,96
4818,96
4819,96
4820,96
4821,96
4822,96
4823,96
4824,96
4825,96
4826,96
4827,96
4828,96
4829,96
4830,96
4831,96
4832,96
4833,96
4834,96
4835,96
4836,96
4837,96
4838,96
4839,96
4840,96
4841,96
4842,96
4843,96
4844,96
4845,96
4846,96
4847,96
4848,96
4849,96
4850,97
4851,97
4852,97
4853,97
4854,97
4855,97
4856,97
4857,97
4858,97
4859,97
4860,97
4861,97
4862,97
4863,97
4864,97
4865,97
4866,97
4867,97
4868,97
4869,97
4870,97
4871,97
4872,97
4873,97
4874,97
4875,97
4876,97
4877,97
4878,97
4879,97
4880,97
4881,97
4882,97
4883,97
4884,97
4885,97
4886,97
4887,97
4888,97
4889,97
4890,97
4891,97
4892,97
4893,97
4894,97
4895,97
4896,97
4897,97
4898,97
4899,97
4900,98
4901,98
4902,98
4903,98
4904,98
4905,98
4906,98
4907,98
4908,98
4909,98
4910,98
4911,98
4912,98
4913,98
4914,98
4915,98
4916,98
4917,98
4918,98
4919,98
4920,98
4921,98
4922,98
4923,98
4924,98
4925,98
4926,98
4927,98
4928,98
4929,98
4930,98
4931,98
4932,98
4933,98
4934,98
4935,98
4936,98
4937,98
4938,98
4939,98
4940,98
4941,98
4942,98
4943,98
4944,98
4945,98
4946,98
4947,98
4948,98
4949,98
4950,99
4951,99
4952,99
4953,99
4954,99
4955,99
4956,99
4957,99
4958,99
4959,99
4960,99
4961,99
4962,99
4963,99
4964,99
4965,99
4966,99
4967,99
4968,99
4969,99
4970,99
4971,99
4972,99
4973,99
4974,99
4975,99
4976,99
4977,99
4978,99
4979,99
4980,99
4981,99
4982,99
4983,99
4984,99
4985,99
4986,99
4987,99
4988,99
4989,99
4990,99
4991,99
4992,99
4993,99
4994,99
4995,99
4996,99
4997,99
4998,99
4999,99
