sku_id,product_id
0,4
0,24
0,30
0,32
0,36
1,68
1,71
1,76
1,77
1,91
1,92
1,99
2,104
2,132
2,133
2,148
3,151
3,160
3,167
3,179
4,201
4,202
4,211
4,213
4,217
4,222
4,233
5,252
5,254
5,257
5,271
5,276
5,296
6,300
6,311
6,315
6,321
6,322
6,332
6,335
6,347
6,349
7,352
7,362
8,424
8,427
8,431
9,453
9,454
9,466
9,469
9,481
9,489
10,515
10,516
10,525
10,528
10,540
11,578
11,580
11,585
11,597
12,608
12,609
12,619
12,620
12,636
12,643
12,645
13,672
13,677
13,687
13,699
14,712
14,715
14,734
14,736
15,766
15,782
15,786
16,802
16,812
16,813
16,828
16,832
16,834
16,840
17,851
17,852
17,856
17,860
17,866
17,867
17,868
17,872
17,891
18,909
18,931
18,934
18,936
18,941
19,953
19,977
19,980
19,994
20,1000
20,1010
20,1012
20,1021
20,1030
21,1060
21,1063
21,1065
21,1073
21,1085
21,1097
22,1101
22,1104
22,1114
22,1127
23,1171
23,1178
23,1184
23,1187
24,1203
24,1205
24,1221
24,1223
24,1232
24,1234
24,1235
24,1240
24,1245
24,1247
25,1252
25,1254
25,1255
25,1285
25,1296
25,1298
26,1306
26,1314
26,1321
26,1329
27,1355
27,1357
27,1358
27,1360
27,1362
27,1363
27,1367
28,1406
28,1410
28,1415
28,1421
28,1441
29,1450
29,1462
29,1465
29,1467
29,1469
30,1501
30,1505
30,1507
30,1508
30,1510
30,1523
30,1524
30,1527
31,1575
31,1594
32,1602
32,1633
33,1683
33,1690
33,1697
34,1702
34,1705
34,1707
34,1712
34,1721
34,1722
34,1734
35,1759
35,1763
35,1784
35,1795
36,1802
37,1853
37,1855
37,1863
37,1872
37,1889
37,1897
38,1903
38,1912
38,1919
38,1921
38,1923
38,1933
38,1945
38,1948
39,1959
39,1971
39,1993
39,1998
40,2016
40,2019
40,2038
40,2039
41,2050
41,2056
41,2070
41,2072
41,2086
41,2093
41,2097
42,2112
42,2126
43,2150
43,2180
43,2195
44,2218
44,2230
44,2245
44,2246
45,2256
46,2312
46,2315
46,2337
46,2338
46,2342
46,2346
46,2348
47,2352
47,2357
47,2371
47,2379
47,2384
47,2395
47,2397
48,2403
48,2404
48,2419
48,2431
48,2434
48,2442
48,2444
49,2459
49,2469
49,2472
49,2482
49,2485
50,2520
50,2529
50,2535
50,2542
50,2545
51,2558
51,2576
51,2581
51,2586
51,2595
52,2600
52,2617
52,2623
52,2632
52,2633
52,2635
52,2644
52,2647
53,2667
53,2669
53,2671
53,2677
53,2683
53,2694
54,2729
54,2736
54,2745
55,2750
55,2754
55,2768
55,2781
55,2791
56,2806
56,2817
56,2818
56,2827
57,2858
57,2871
57,2877
57,2879
58,2928
58,2938
59,2963
59,2966
59,2975
59,2978
59,2980
59,2999
60,3014
60,3021
60,3022
60,3026
60,3035
60,3041
61,3051
61,3052
61,3066
61,3067
61,3092
61,3093
62,3112
62,3113
62,3126
62,3127
62,3130
62,3138
63,3152
63,3168
63,3177
63,3183
63,3190
63,3192
63,3194
63,3199
64,3240
65,3259
65,3265
65,3272
65,3286
65,3293
66,3302
66,3303
66,3317
66,3330
66,3334
66,3339
67,3350
67,3356
67,3370
67,3375
67,3383
68,3414
68,3422
68,3423
68,3428
68,3435
68,3447
69,3453
69,3457
69,3462
69,3474
69,3475
69,3480
69,3485
69,3487
69,3494
70,3505
70,3526
70,3532
70,3547
70,3548
71,3557
71,3581
71,3585
72,3613
72,3619
72,3649
73,3656
73,3675
73,3681
74,3707
74,3726
74,3728
75,3760
75,3782
75,3797
76,3803
76,3807
76,3808
76,3813
76,3822
76,3829
76,3836
77,3853
77,3862
77,3867
77,3891
77,3894
78,3906
78,3915
78,3938
78,3940
78,3947
79,3954
79,3963
79,3981
79,3988
80,4002
80,4027
80,4033
80,4038
81,4061
81,4063
81,4064
81,4065
81,4068
81,4085
81,4089
82,4102
82,4105
82,4109
82,4115
82,4144
83,4175
83,4190
83,4194
84,4215
84,4218
84,4219
84,4223
85,4253
85,4261
85,4266
85,4284
85,4286
85,4290
85,4292
86,4322
86,4328
86,4332
87,4369
87,4372
87,4373
87,4374
87,4375
87,4377
87,4387
87,4391
87,4398
88,4408
88,4416
88,4426
88,4433
88,4438
89,4454
89,4471
89,4484
89,4498
90,4501
90,4503
90,4509
90,4511
90,4547
91,4556
91,4558
91,4575
91,4579
91,4584
92,4617
92,4637
92,4638
92,4640
92,4647
93,4661
93,4665
93,4689
94,4700
94,4715
94,4734
94,4737
94,4739
94,4741
94,4745
95,4757
95,4764
95,4775
95,4790
95,4791
96,4801
96,4808
96,4824
96,4825
96,4826
96,4828
97,4852
97,4875
97,4879
97,4885
97,4886
98,4908
98,4910
98,4921
98,4926
98,4927
99,4963
99,4970
99,4971
100,5007
100,5013
100,5018
100,5024
100,5026
100,5029
100,5032
100,5039
100,5040
100,5041
101,5053
101,5074
101,5076
102,5103
102,5104
102,5105
102,5106
102,5117
102,5128
102,5134
103,5154
103,5164
103,5167
103,5171
103,5189
103,5199
104,5200
104,5208
104,5215
104,5226
104,5246
105,5253
105,5254
105,5268
105,5269
105,5274
105,5286
105,5292
106,5316
106,5323
106,5324
106,5329
107,5356
107,5369
107,5399
108,5400
108,5425
108,5429
108,5438
108,5442
108,5446
109,5450
109,5457
109,5476
109,5496
109,5497
110,5512
110,5534
111,5557
111,5558
111,5560
111,5578
111,5588
111,5596
112,5603
112,5604
112,5619
112,5631
113,5655
113,5658
113,5659
113,5667
113,5670
113,5681
113,5699
114,5712
114,5714
114,5732
114,5736
114,5744
115,5750
115,5754
115,5766
115,5785
116,5808
116,5824
116,5831
117,5850
117,5862
117,5872
117,5876
117,5879
117,5884
117,5895
118,5902
118,5910
118,5915
118,5944
119,5950
119,5964
119,5985
120,6012
120,6042
121,6062
121,6065
121,6068
121,6083
121,6095
122,6102
122,6112
122,6126
122,6143
122,6147
123,6152
123,6155
123,6157
123,6186
123,6194
124,6219
124,6224
124,6238
124,6246
124,6248
125,6258
125,6284
125,6294
126,6301
126,6307
126,6343
126,6347
127,6359
127,6370
127,6393
127,6397
128,6411
128,6412
128,6414
129,6460
129,6468
129,6471
129,6472
129,6486
129,6499
130,6518
130,6533
131,6551
131,6569
131,6570
131,6573
131,6574
131,6577
132,6600
132,6601
132,6609
132,6629
132,6635
132,6636
133,6662
133,6669
133,6684
133,6691
133,6694
133,6696
134,6726
134,6731
134,6733
134,6745
135,6758
135,6776
136,6809
136,6810
136,6827
136,6843
136,6845
137,6853
137,6856
137,6861
137,6870
137,6872
137,6882
138,6909
138,6912
138,6927
138,6941
139,6952
139,6953
139,6968
140,7000
140,7021
140,7024
140,7043
141,7061
141,7082
142,7101
142,7105
142,7109
142,7114
142,7119
142,7122
142,7124
142,7125
143,7150
143,7166
143,7168
143,7188
143,7194
143,7195
144,7228
144,7230
144,7238
145,7256
145,7270
145,7273
145,7277
145,7284
145,7288
146,7303
146,7306
146,7341
146,7348
147,7355
147,7375
147,7384
147,7391
147,7397
148,7419
148,7424
148,7425
148,7427
148,7431
148,7433
148,7437
148,7443
149,7457
149,7461
149,7462
149,7470
149,7474
149,7475
149,7495
150,7500
150,7502
150,7503
150,7525
150,7533
150,7542
151,7558
151,7573
151,7588
151,7596
151,7598
152,7614
152,7615
152,7620
152,7623
152,7627
153,7680
153,7692
153,7696
154,7721
154,7723
154,7726
154,7738
154,7747
155,7751
155,7757
155,7767
155,7779
155,7781
155,7794
156,7802
156,7811
156,7820
156,7823
156,7832
156,7833
156,7846
157,7850
157,7861
157,7862
157,7886
158,7931
158,7934
159,7963
159,7970
159,7973
159,7979
159,7982
159,7985
159,7989
160,8003
160,8013
160,8016
160,8018
160,8035
160,8039
160,8047
161,8067
161,8072
161,8083
161,8093
162,8103
162,8120
163,8151
163,8161
163,8163
163,8180
163,8181
163,8186
163,8197
164,8207
164,8220
164,8236
164,8238
164,8245
165,8250
165,8251
165,8252
165,8257
165,8258
165,8273
165,8279
165,8290
166,8305
166,8329
166,8331
166,8335
166,8336
166,8338
166,8339
166,8347
167,8365
167,8366
167,8368
167,8373
167,8384
167,8392
167,8394
167,8396
167,8399
168,8405
168,8413
168,8431
168,8433
168,8445
168,8449
169,8463
169,8489
169,8493
169,8498
170,8507
170,8515
170,8528
170,8531
171,8555
171,8558
171,8587
171,8588
171,8592
171,8594
172,8610
172,8616
172,8625
173,8651
173,8653
173,8667
173,8682
173,8698
174,8706
174,8712
174,8714
174,8722
174,8743
175,8752
175,8767
175,8771
175,8776
175,8783
175,8799
176,8810
176,8817
176,8823
176,8829
176,8833
176,8836
176,8838
176,8839
176,8842
177,8851
177,8881
177,8882
177,8883
177,8886
177,8894
177,8898
178,8912
178,8921
178,8933
178,8941
179,8965
179,8970
179,8988
179,8990
180,9030
180,9039
181,9054
181,9059
181,9068
181,9084
181,9088
181,9099
182,9106
182,9111
182,9115
182,9149
183,9158
183,9172
183,9174
183,9176
183,9184
183,9191
184,9208
184,9215
184,9235
184,9236
184,9248
185,9252
185,9272
185,9276
185,9277
185,9281
185,9284
185,9294
185,9297
186,9310
186,9316
186,9317
186,9328
186,9340
186,9346
187,9376
187,9383
188,9400
188,9407
188,9408
189,9452
189,9474
190,9501
190,9503
190,9526
191,9559
191,9563
191,9578
191,9583
191,9587
191,9590
192,9604
192,9612
192,9614
192,9630
192,9645
193,9651
193,9652
193,9655
193,9667
193,9668
193,9686
194,9739
194,9740
195,9775
195,9776
195,9787
196,9813
196,9830
196,9839
196,9845
197,9865
197,9868
197,9880
197,9881
197,9886
197,9888
197,9894
198,9916
198,9921
198,9926
198,9932
198,9933
198,9937
199,9952
199,9955
199,9957
199,9962
199,9968
199,9973
200,10005
200,10014
200,10017
200,10042
201,10051
201,10053
201,10080
201,10099
202,10102
202,10107
202,10116
202,10122
202,10129
202,10145
203,10151
203,10159
203,10166
203,10171
203,10172
203,10180
203,10185
203,10188
203,10189
203,10193
204,10204
204,10236
204,10237
205,10264
205,10282
205,10284
205,10289
206,10303
206,10313
206,10320
207,10355
207,10358
207,10363
207,10391
207,10398
208,10404
208,10417
208,10422
208,10424
208,10444
209,10454
209,10456
209,10457
209,10498
209,10499
210,10503
210,10521
210,10523
210,10525
210,10535
210,10549
211,10550
211,10552
211,10555
211,10571
211,10573
211,10579
211,10580
211,10593
212,10603
212,10611
212,10612
212,10614
212,10624
212,10625
212,10634
212,10649
213,10652
213,10654
213,10655
213,10661
213,10668
213,10672
213,10681
213,10693
214,10702
214,10729
214,10734
214,10739
215,10754
215,10756
215,10761
215,10768
215,10769
215,10770
215,10773
215,10784
215,10788
215,10796
215,10798
216,10808
216,10826
216,10835
217,10854
217,10865
217,10867
217,10870
217,10871
217,10878
217,10880
217,10894
218,10907
218,10913
218,10915
218,10928
218,10929
218,10939
219,10954
219,10957
219,10961
219,10968
219,10970
219,10972
219,10982
219,10988
220,11000
220,11004
220,11013
220,11036
220,11045
221,11052
221,11053
221,11065
221,11068
221,11069
221,11072
221,11083
221,11085
221,11096
222,11120
222,11121
222,11133
222,11137
222,11139
222,11140
222,11146
223,11164
223,11171
223,11173
223,11178
223,11184
223,11185
223,11186
223,11188
224,11206
224,11234
225,11257
225,11266
225,11269
225,11271
225,11274
225,11290
225,11296
225,11297
225,11299
226,11314
226,11317
226,11333
226,11342
227,11376
228,11405
228,11414
228,11417
229,11457
229,11469
229,11491
229,11497
230,11505
230,11523
230,11525
230,11539
231,11550
231,11556
231,11586
232,11614
232,11621
232,11622
232,11629
232,11632
232,11641
232,11642
232,11647
233,11657
233,11673
233,11677
233,11679
233,11686
233,11692
234,11705
234,11733
234,11738
234,11740
235,11761
235,11772
236,11805
236,11808
236,11814
236,11825
236,11826
236,11828
236,11832
236,11838
236,11842
237,11854
237,11876
237,11881
237,11899
238,11901
238,11905
238,11911
238,11913
238,11922
238,11944
238,11945
239,11951
239,11957
239,11960
239,11965
239,11972
239,11973
239,11980
240,12004
240,12017
240,12047
241,12056
241,12065
241,12073
241,12077
241,12087
241,12089
242,12105
242,12114
243,12151
243,12159
243,12161
243,12164
243,12173
243,12190
243,12193
244,12201
244,12206
244,12213
244,12219
244,12241
244,12242
245,12258
245,12297
246,12305
246,12309
246,12311
246,12314
246,12318
246,12320
246,12334
246,12336
246,12342
246,12346
247,12371
247,12372
247,12379
247,12380
247,12385
247,12386
247,12395
248,12406
248,12410
248,12419
248,12429
248,12430
248,12435
248,12448
249,12463
249,12476
249,12479
249,12484
249,12485
250,12505
250,12507
250,12530
250,12537
250,12546
251,12560
251,12574
251,12575
251,12577
251,12578
251,12579
251,12586
251,12591
252,12611
252,12615
252,12617
252,12625
252,12626
252,12635
252,12642
252,12644
253,12656
253,12667
253,12675
253,12677
253,12679
253,12683
253,12692
253,12693
254,12711
254,12726
254,12735
255,12755
255,12764
255,12768
255,12770
255,12779
255,12780
256,12801
256,12816
256,12819
256,12823
256,12826
256,12839
256,12843
256,12844
257,12850
257,12869
257,12873
257,12888
258,12905
258,12919
258,12932
258,12938
258,12941
259,12964
259,12966
259,12973
259,12975
259,12976
259,12977
260,13016
260,13023
260,13024
260,13035
260,13044
261,13052
261,13062
261,13068
261,13075
261,13085
261,13090
261,13097
262,13112
262,13122
262,13133
262,13137
263,13150
263,13152
263,13178
263,13186
263,13198
264,13200
264,13205
264,13206
264,13212
264,13215
264,13216
264,13217
264,13227
264,13233
265,13251
265,13284
265,13291
266,13312
266,13324
266,13332
266,13346
266,13349
267,13351
267,13364
267,13381
268,13401
268,13411
268,13426
268,13433
268,13436
268,13446
269,13488
269,13499
270,13515
270,13518
270,13521
270,13525
270,13533
270,13544
270,13547
271,13552
271,13553
271,13554
271,13560
271,13564
271,13574
271,13584
271,13599
272,13605
272,13608
272,13622
272,13624
272,13636
273,13670
273,13691
273,13694
274,13702
274,13716
275,13783
275,13785
275,13792
275,13795
276,13816
276,13834
276,13835
276,13837
276,13839
276,13840
276,13845
276,13848
277,13853
277,13873
277,13889
278,13900
278,13906
278,13921
278,13924
278,13927
278,13935
279,13957
279,13958
279,13978
279,13980
279,13993
279,13996
279,13998
280,14000
280,14002
280,14010
280,14024
280,14046
281,14067
281,14085
281,14094
281,14095
282,14106
282,14107
282,14134
283,14179
283,14186
284,14217
284,14223
284,14228
284,14233
284,14239
284,14249
285,14262
285,14273
285,14284
286,14308
286,14310
286,14316
286,14320
286,14321
286,14338
287,14355
287,14361
287,14374
287,14376
287,14381
288,14400
288,14404
288,14406
288,14409
288,14437
289,14453
289,14460
289,14477
289,14486
289,14490
289,14491
289,14495
290,14511
290,14526
290,14535
290,14537
291,14586
291,14588
291,14595
292,14608
292,14629
292,14648
293,14659
293,14669
293,14688
293,14690
293,14691
293,14692
293,14697
294,14700
294,14713
294,14717
294,14722
294,14728
294,14735
294,14742
294,14747
295,14757
295,14764
295,14767
295,14772
295,14773
295,14779
295,14780
296,14800
296,14803
296,14805
296,14811
296,14816
296,14827
296,14830
296,14832
296,14841
296,14845
296,14846
297,14856
297,14859
297,14879
297,14885
297,14886
297,14887
297,14898
297,14899
298,14906
298,14913
298,14916
298,14917
298,14922
298,14935
298,14946
298,14947
299,14965
299,14974
299,14977
299,14986
299,14989
300,15007
300,15010
300,15020
300,15026
300,15044
300,15049
301,15058
301,15077
301,15082
301,15093
301,15094
302,15108
302,15109
302,15118
303,15184
303,15194
303,15196
304,15200
304,15204
304,15213
304,15222
304,15225
304,15239
304,15246
305,15252
305,15260
305,15277
305,15296
306,15301
306,15307
306,15312
306,15321
306,15333
306,15338
306,15345
306,15349
307,15362
307,15381
307,15391
308,15401
308,15406
308,15422
308,15425
308,15431
308,15449
309,15461
309,15477
309,15480
309,15492
309,15495
310,15517
310,15527
310,15533
310,15534
311,15561
311,15576
311,15587
311,15589
312,15601
312,15611
312,15615
312,15629
312,15649
313,15674
313,15679
313,15682
313,15688
314,15715
314,15718
314,15743
315,15750
315,15753
315,15754
315,15778
315,15781
315,15784
315,15785
315,15797
315,15798
316,15803
316,15807
316,15808
316,15812
316,15819
316,15828
316,15832
316,15837
316,15842
316,15845
316,15849
318,15902
318,15904
318,15933
318,15939
319,15961
319,15967
319,15971
319,15974
320,16018
320,16031
320,16035
320,16043
321,16055
321,16065
321,16066
321,16069
321,16077
321,16083
322,16108
322,16113
322,16118
322,16141
322,16149
323,16162
323,16163
323,16172
323,16182
324,16210
324,16215
324,16224
324,16229
324,16230
324,16240
325,16252
325,16254
325,16259
325,16267
325,16268
325,16272
325,16278
325,16285
326,16307
326,16320
326,16321
326,16322
326,16326
326,16331
326,16342
326,16343
327,16365
327,16369
327,16387
327,16392
327,16399
328,16404
328,16437
329,16470
329,16491
329,16494
329,16495
329,16498
330,16504
330,16507
330,16513
330,16526
330,16531
330,16534
330,16535
331,16570
331,16573
331,16574
331,16576
331,16584
331,16590
331,16599
332,16607
332,16617
332,16622
332,16624
332,16644
333,16681
333,16688
333,16699
334,16714
334,16733
334,16742
334,16744
335,16772
335,16782
335,16789
336,16800
336,16822
336,16834
336,16841
337,16881
337,16891
337,16895
338,16902
338,16932
338,16933
338,16934
338,16936
338,16942
339,16965
339,16970
339,16976
339,16977
339,16979
339,16992
340,17020
340,17029
340,17035
340,17039
341,17054
341,17082
341,17090
341,17096
342,17114
342,17133
342,17137
342,17141
342,17148
343,17162
343,17169
343,17177
343,17181
343,17194
344,17223
344,17235
344,17248
345,17260
345,17261
345,17282
345,17283
345,17288
345,17290
346,17303
346,17311
346,17323
346,17326
346,17339
347,17356
347,17362
347,17363
347,17364
347,17365
347,17367
347,17380
347,17393
348,17410
348,17413
348,17422
348,17425
348,17445
349,17455
349,17473
349,17475
349,17476
350,17501
350,17508
350,17513
350,17516
350,17543
351,17553
351,17562
351,17563
351,17564
351,17578
351,17585
351,17586
352,17603
352,17611
352,17616
352,17624
352,17637
352,17641
353,17675
353,17677
354,17710
354,17728
354,17730
354,17733
355,17755
355,17758
355,17764
355,17768
355,17784
355,17786
355,17799
356,17805
356,17806
356,17813
356,17814
356,17819
357,17851
357,17857
357,17864
357,17870
357,17888
358,17908
358,17931
358,17933
358,17934
358,17936
358,17949
359,17951
359,17968
359,17970
359,17978
359,17984
360,18002
360,18006
360,18034
361,18061
361,18068
361,18081
361,18084
362,18102
362,18121
362,18132
362,18147
362,18149
363,18152
363,18172
363,18189
364,18202
364,18204
364,18209
364,18210
364,18214
364,18217
364,18223
365,18250
365,18251
365,18255
365,18266
365,18272
365,18298
366,18306
366,18310
366,18318
366,18328
366,18334
367,18358
367,18376
367,18394
368,18401
368,18410
368,18417
368,18421
368,18427
368,18440
368,18449
369,18453
369,18454
369,18471
369,18474
369,18489
369,18492
369,18499
370,18516
370,18522
370,18525
370,18528
370,18546
371,18577
371,18592
372,18606
372,18611
372,18617
372,18622
372,18633
372,18639
372,18641
373,18657
373,18672
374,18709
374,18727
374,18747
375,18753
375,18760
375,18766
375,18769
375,18783
375,18786
376,18804
376,18809
376,18812
376,18822
376,18836
376,18846
377,18860
377,18862
377,18869
377,18880
377,18882
377,18898
378,18910
378,18923
378,18924
378,18940
379,18953
379,18972
379,18992
380,19028
380,19029
380,19032
380,19036
380,19043
380,19044
381,19063
381,19093
381,19094
382,19103
382,19108
382,19110
382,19128
382,19140
382,19142
383,19157
383,19159
383,19175
383,19180
383,19181
383,19195
383,19196
384,19209
384,19214
384,19215
384,19226
384,19239
385,19260
385,19262
385,19263
385,19265
385,19268
385,19273
385,19278
386,19321
386,19325
386,19328
386,19335
386,19336
386,19338
386,19342
386,19349
387,19353
387,19361
387,19364
387,19376
387,19377
387,19382
387,19392
388,19415
388,19417
388,19421
388,19425
388,19437
388,19439
388,19446
389,19499
390,19503
390,19505
390,19506
390,19513
390,19515
390,19519
390,19524
390,19538
390,19545
390,19546
391,19557
391,19570
391,19578
391,19593
391,19598
392,19625
392,19634
393,19691
393,19697
394,19700
394,19724
394,19727
394,19731
395,19758
395,19759
395,19766
395,19791
396,19801
396,19825
396,19831
396,19836
396,19837
397,19859
397,19879
397,19888
397,19897
398,19917
398,19920
398,19922
398,19931
398,19941
398,19942
399,19951
399,19967
399,19977
399,19992
400,20035
400,20036
400,20039
401,20060
401,20074
401,20082
401,20083
401,20095
402,20111
402,20125
402,20146
403,20171
403,20179
403,20180
403,20181
403,20189
404,20200
404,20203
404,20217
404,20223
404,20225
404,20238
404,20244
405,20252
405,20270
405,20280
405,20287
405,20288
406,20307
406,20314
406,20327
406,20330
406,20346
407,20351
407,20378
407,20380
407,20390
407,20395
407,20397
408,20404
408,20411
408,20442
409,20465
409,20466
409,20467
409,20469
409,20485
409,20492
409,20494
410,20511
410,20513
410,20516
410,20536
411,20554
411,20560
411,20578
411,20580
412,20604
412,20614
412,20626
412,20627
412,20635
412,20643
412,20645
413,20651
413,20686
413,20691
414,20700
414,20710
414,20717
414,20720
414,20733
414,20744
415,20769
415,20778
415,20781
416,20807
416,20835
416,20840
416,20842
416,20844
417,20857
417,20858
417,20874
417,20876
417,20884
417,20893
418,20922
418,20923
418,20929
418,20933
418,20935
418,20937
418,20938
418,20940
418,20944
418,20946
418,20949
419,20955
419,20970
419,20976
419,20982
419,20987
420,21000
420,21043
420,21046
420,21047
421,21068
421,21090
421,21098
422,21100
422,21104
422,21106
422,21112
422,21127
422,21132
422,21138
423,21157
423,21160
423,21165
423,21169
423,21178
423,21180
423,21187
423,21195
424,21226
424,21229
424,21239
424,21245
424,21246
424,21247
424,21248
425,21270
425,21289
425,21296
426,21313
426,21316
426,21318
426,21328
426,21344
426,21349
427,21351
427,21358
427,21371
427,21377
428,21408
428,21418
428,21420
429,21461
429,21471
429,21484
430,21506
430,21516
430,21525
430,21537
430,21539
431,21580
431,21587
431,21592
432,21601
432,21609
432,21617
432,21618
432,21640
432,21645
433,21653
433,21662
433,21677
433,21693
434,21713
434,21722
434,21732
434,21739
435,21756
435,21761
435,21763
435,21785
435,21791
435,21795
435,21799
436,21800
436,21801
436,21803
436,21806
436,21822
436,21825
436,21829
436,21842
437,21851
437,21869
437,21875
437,21880
438,21909
438,21911
438,21914
438,21918
438,21932
438,21940
439,21951
439,21984
439,21993
439,21995
440,22006
440,22008
440,22021
440,22024
440,22031
440,22032
440,22035
441,22050
441,22060
441,22076
441,22078
441,22080
441,22085
441,22092
441,22095
442,22108
442,22118
442,22128
442,22130
442,22143
443,22153
443,22178
443,22195
443,22196
444,22245
445,22259
445,22275
445,22278
445,22296
446,22308
446,22333
446,22347
446,22348
447,22352
447,22374
447,22390
448,22421
448,22426
448,22428
448,22443
449,22459
449,22460
450,22505
450,22527
451,22557
451,22559
451,22567
451,22574
451,22589
451,22590
452,22604
452,22609
452,22613
452,22615
452,22634
452,22648
453,22654
453,22670
453,22680
453,22681
453,22695
454,22706
454,22715
454,22740
454,22748
455,22753
455,22779
455,22790
456,22820
456,22821
456,22823
456,22824
456,22833
457,22867
457,22884
457,22896
458,22900
458,22902
458,22907
458,22926
458,22937
459,22960
459,22961
459,22964
459,22977
459,22989
459,22995
459,22999
460,23003
460,23006
460,23009
460,23013
460,23014
460,23027
460,23030
460,23036
460,23041
460,23049
461,23069
461,23074
461,23081
461,23084
461,23089
461,23098
462,23109
462,23111
462,23116
462,23119
462,23134
462,23136
462,23140
462,23145
463,23161
464,23206
464,23240
465,23252
465,23254
465,23270
465,23284
466,23302
466,23304
466,23315
466,23324
466,23327
466,23333
466,23337
466,23347
467,23358
467,23359
467,23361
467,23378
467,23382
467,23397
468,23412
468,23421
469,23462
469,23478
469,23485
469,23486
469,23496
470,23501
470,23506
470,23511
470,23521
470,23523
470,23526
470,23530
471,23584
471,23587
471,23589
471,23590
471,23594
472,23608
472,23614
472,23626
472,23633
472,23637
472,23643
473,23650
473,23655
473,23661
473,23662
473,23670
473,23682
473,23684
473,23688
473,23691
473,23692
473,23695
473,23698
473,23699
474,23709
474,23714
474,23719
474,23724
474,23725
474,23734
474,23737
474,23745
474,23746
475,23767
475,23768
475,23784
476,23803
476,23804
476,23809
476,23810
476,23817
476,23818
477,23863
477,23869
477,23870
477,23875
477,23878
477,23896
478,23917
478,23919
478,23927
478,23938
478,23943
479,23953
479,23954
479,23963
479,23965
479,23969
479,23992
480,24028
481,24063
481,24085
481,24098
481,24099
482,24112
482,24118
482,24124
482,24136
483,24157
483,24164
483,24179
483,24182
483,24183
483,24184
483,24198
484,24207
484,24210
484,24222
484,24232
485,24257
485,24293
485,24298
486,24322
486,24330
486,24333
486,24337
486,24339
487,24356
487,24380
488,24400
488,24406
488,24411
488,24412
488,24416
488,24422
488,24431
488,24433
488,24440
489,24450
489,24472
489,24481
489,24490
489,24492
489,24496
490,24513
490,24514
490,24522
490,24527
490,24529
490,24535
490,24541
491,24558
491,24565
491,24566
491,24568
491,24570
491,24576
491,24580
491,24585
492,24607
492,24613
492,24616
492,24621
492,24624
492,24631
492,24643
493,24653
493,24657
493,24660
493,24670
493,24673
493,24686
493,24688
493,24693
494,24722
494,24728
494,24729
494,24732
494,24748
495,24759
495,24762
495,24763
495,24778
495,24793
496,24808
496,24810
496,24824
496,24837
496,24847
497,24850
497,24874
497,24889
498,24902
498,24903
498,24921
498,24935
498,24943
498,24944
498,24949
499,24952
499,24959
499,24980
499,24997
500,25017
500,25020
500,25027
500,25039
500,25041
500,25042
500,25043
501,25091
502,25107
502,25108
502,25122
502,25124
502,25131
502,25134
502,25138
502,25141
502,25142
502,25146
503,25153
503,25155
503,25159
504,25205
504,25215
505,25250
505,25256
505,25285
506,25301
506,25333
506,25340
506,25341
506,25344
507,25358
507,25367
507,25373
507,25374
507,25398
508,25421
508,25448
509,25459
509,25462
509,25475
509,25479
509,25490
509,25495
509,25499
510,25503
510,25514
510,25544
510,25545
511,25551
511,25560
511,25568
511,25580
511,25581
511,25589
512,25609
512,25610
512,25615
512,25626
512,25631
512,25634
512,25636
512,25640
513,25652
513,25673
513,25676
513,25677
513,25693
514,25722
514,25725
514,25733
515,25776
515,25780
516,25801
516,25830
516,25837
516,25847
517,25854
517,25858
517,25875
517,25877
517,25885
517,25890
517,25895
517,25897
518,25908
518,25932
518,25936
518,25942
518,25949
519,25952
519,25960
519,25971
519,25973
519,25992
520,26001
520,26002
520,26003
520,26020
520,26029
520,26032
520,26046
521,26068
521,26069
521,26083
521,26084
522,26100
522,26122
522,26124
522,26136
523,26158
523,26160
523,26167
523,26185
523,26189
523,26194
523,26196
523,26197
524,26202
524,26225
524,26235
524,26238
524,26239
524,26240
524,26246
525,26257
525,26275
525,26277
526,26303
526,26306
526,26308
526,26309
526,26319
526,26322
526,26323
526,26335
526,26342
526,26343
527,26350
527,26360
527,26362
527,26373
527,26385
527,26396
528,26412
528,26416
528,26417
528,26427
528,26444
529,26453
529,26461
529,26465
529,26469
529,26473
529,26480
529,26487
529,26499
530,26502
530,26523
530,26525
530,26529
530,26530
530,26544
531,26563
531,26566
531,26584
531,26587
531,26593
531,26598
532,26605
532,26608
532,26647
533,26652
533,26655
533,26665
534,26704
534,26711
534,26717
534,26731
534,26736
534,26747
535,26761
535,26775
535,26789
535,26794
535,26795
536,26817
536,26821
536,26836
536,26840
536,26841
537,26864
537,26867
537,26870
537,26884
538,26901
538,26914
538,26928
538,26940
539,26951
540,27008
540,27019
540,27021
541,27071
541,27072
541,27088
542,27104
542,27105
542,27114
542,27130
542,27133
542,27145
542,27147
543,27156
543,27162
543,27174
543,27182
543,27192
544,27204
544,27221
544,27235
544,27236
544,27241
545,27256
545,27265
545,27290
546,27304
546,27327
547,27351
547,27354
547,27367
547,27388
548,27410
548,27417
548,27419
548,27422
548,27435
548,27441
549,27461
549,27464
549,27476
549,27497
550,27500
550,27510
550,27512
550,27518
550,27539
550,27548
551,27550
551,27558
551,27569
551,27582
551,27583
551,27598
552,27601
552,27607
552,27622
552,27648
552,27649
553,27651
553,27681
553,27688
554,27710
554,27713
554,27717
554,27729
554,27731
554,27740
555,27766
555,27767
555,27773
555,27790
556,27806
556,27808
556,27812
556,27820
556,27839
556,27845
557,27869
557,27876
557,27879
557,27887
557,27888
558,27900
558,27902
558,27903
558,27909
558,27916
558,27919
558,27932
559,27963
559,27965
559,27971
559,27983
560,28002
560,28007
560,28013
560,28049
561,28062
561,28065
561,28078
561,28086
561,28088
561,28092
562,28103
562,28115
562,28116
562,28128
562,28149
563,28161
563,28165
563,28172
563,28199
564,28208
564,28216
564,28227
564,28239
565,28256
565,28259
565,28283
565,28286
565,28289
566,28302
566,28304
566,28313
566,28315
566,28335
566,28342
567,28361
567,28376
568,28405
568,28421
568,28434
568,28438
569,28464
569,28471
569,28475
569,28482
569,28484
569,28486
569,28489
570,28509
570,28513
570,28524
570,28528
570,28531
570,28534
571,28569
571,28585
571,28590
571,28593
572,28613
572,28616
572,28618
572,28624
572,28625
572,28629
572,28638
573,28661
573,28665
573,28688
573,28689
573,28694
573,28699
574,28700
574,28703
574,28708
574,28720
574,28723
575,28754
575,28756
575,28770
575,28771
575,28773
575,28774
575,28776
575,28788
576,28805
576,28811
576,28829
576,28845
577,28877
577,28890
577,28897
578,28908
578,28925
578,28942
578,28944
579,28951
579,28953
579,28963
579,28968
579,28970
579,28977
579,28981
579,28988
580,29003
580,29007
580,29011
580,29014
580,29020
580,29025
580,29032
580,29044
581,29057
581,29059
581,29064
581,29074
581,29077
581,29083
581,29094
582,29106
582,29114
582,29117
582,29120
582,29121
582,29137
583,29150
583,29170
583,29172
583,29173
583,29183
583,29192
583,29195
584,29206
584,29215
584,29221
584,29244
585,29253
585,29263
586,29302
586,29329
586,29331
586,29348
587,29354
587,29369
587,29383
587,29393
587,29396
588,29436
588,29446
589,29456
589,29458
589,29471
589,29483
589,29491
590,29502
591,29560
591,29561
591,29578
591,29593
592,29607
592,29619
592,29622
592,29631
593,29650
593,29666
593,29682
593,29689
593,29690
593,29692
594,29700
594,29719
594,29723
595,29752
595,29754
595,29770
596,29806
596,29809
596,29812
596,29829
596,29846
597,29853
597,29858
597,29864
597,29866
597,29886
597,29888
597,29895
598,29903
598,29904
598,29919
598,29931
599,29953
599,29954
599,29957
599,29958
599,29963
599,29972
599,29980
599,29987
599,29992
600,30002
600,30024
600,30032
600,30044
601,30054
601,30056
601,30059
601,30074
601,30084
601,30086
602,30122
602,30126
602,30128
602,30134
603,30154
603,30155
603,30174
604,30200
604,30206
604,30219
604,30226
604,30228
604,30234
604,30248
605,30264
605,30272
605,30277
605,30279
605,30289
605,30298
606,30305
606,30306
606,30330
607,30374
607,30383
607,30385
608,30402
608,30406
608,30420
608,30421
608,30426
608,30437
609,30451
609,30454
609,30469
609,30471
609,30477
609,30486
610,30508
610,30512
610,30518
610,30531
610,30538
611,30554
611,30559
611,30569
611,30570
612,30604
612,30628
612,30631
612,30639
613,30652
613,30696
614,30704
614,30706
614,30712
614,30717
614,30723
614,30732
614,30747
615,30770
615,30773
615,30795
615,30799
616,30800
616,30805
616,30806
616,30807
616,30808
616,30809
616,30811
616,30834
616,30846
617,30870
617,30885
618,30907
618,30912
618,30919
618,30930
618,30932
618,30939
618,30949
619,30954
619,30966
619,30973
620,31002
620,31008
620,31013
620,31021
620,31023
620,31027
620,31028
620,31029
620,31043
620,31047
620,31049
621,31060
621,31063
621,31066
621,31067
621,31073
621,31082
621,31086
622,31110
622,31113
622,31118
622,31119
622,31130
622,31138
622,31143
623,31154
623,31166
623,31167
623,31173
623,31186
624,31200
624,31227
624,31239
624,31246
624,31247
624,31249
625,31252
625,31260
625,31270
625,31275
625,31277
625,31284
626,31310
626,31316
626,31319
626,31323
626,31337
627,31361
627,31369
627,31381
627,31389
627,31396
628,31431
628,31432
628,31447
628,31448
629,31458
629,31487
629,31489
630,31500
630,31505
630,31512
630,31516
630,31528
630,31530
630,31537
630,31545
631,31568
631,31570
631,31578
631,31582
631,31583
632,31607
632,31637
632,31642
633,31662
633,31666
633,31672
633,31678
633,31684
633,31686
633,31692
634,31716
634,31720
634,31734
634,31749
635,31752
635,31776
635,31777
635,31792
635,31794
636,31801
636,31818
636,31827
636,31831
636,31832
637,31851
637,31852
637,31861
637,31863
637,31878
637,31881
638,31911
638,31912
638,31913
638,31918
638,31929
638,31931
638,31946
638,31949
639,31956
639,31962
639,31988
640,32003
640,32006
640,32010
640,32014
640,32018
640,32025
640,32026
640,32031
640,32033
641,32051
641,32053
641,32057
641,32072
641,32080
641,32085
642,32115
642,32135
643,32155
643,32159
643,32168
643,32171
643,32178
643,32193
643,32195
644,32221
644,32233
644,32240
644,32244
645,32256
645,32273
645,32286
646,32309
646,32314
646,32326
647,32355
647,32373
647,32375
647,32385
647,32386
647,32396
648,32401
648,32403
648,32418
648,32422
648,32423
648,32424
648,32433
648,32443
649,32461
649,32464
649,32474
649,32483
650,32505
650,32511
650,32521
650,32541
650,32549
651,32562
651,32583
652,32608
652,32611
652,32626
652,32642
652,32643
652,32644
653,32651
653,32668
653,32676
653,32682
653,32687
654,32709
654,32733
654,32739
655,32787
655,32788
655,32797
656,32803
656,32814
656,32830
656,32834
657,32879
657,32885
658,32912
658,32913
658,32922
658,32924
658,32934
658,32945
658,32947
659,32975
659,32976
659,32981
660,33008
660,33013
660,33015
660,33016
660,33023
660,33027
660,33031
660,33043
660,33044
660,33045
661,33062
661,33069
661,33075
661,33091
662,33101
662,33126
662,33136
662,33142
663,33172
663,33175
663,33186
663,33198
664,33202
664,33207
664,33227
664,33231
664,33237
664,33245
665,33251
665,33255
665,33266
665,33272
665,33273
665,33275
665,33285
665,33286
666,33309
666,33321
667,33395
669,33457
669,33468
669,33477
669,33486
670,33510
670,33517
670,33522
670,33526
670,33536
670,33545
671,33551
671,33557
671,33562
671,33578
672,33614
672,33617
672,33630
672,33645
672,33646
672,33647
673,33657
673,33667
673,33693
674,33707
674,33726
674,33728
674,33732
674,33747
675,33777
676,33808
676,33820
676,33823
676,33827
677,33854
677,33858
677,33867
677,33875
677,33895
678,33921
679,33968
679,33970
679,33977
679,33981
679,33988
680,34003
680,34004
680,34021
680,34023
680,34028
680,34048
681,34067
681,34095
681,34097
682,34114
682,34128
682,34131
682,34134
682,34142
683,34159
683,34164
683,34174
683,34175
683,34191
684,34205
685,34267
685,34279
686,34308
686,34323
686,34347
687,34354
687,34378
687,34396
687,34399
688,34408
688,34418
688,34419
688,34421
688,34429
688,34433
688,34445
689,34453
689,34466
689,34470
689,34475
689,34478
689,34491
689,34493
690,34504
690,34505
690,34508
690,34523
690,34529
690,34543
691,34571
691,34579
692,34614
692,34617
692,34635
692,34636
692,34639
692,34640
692,34641
692,34645
693,34658
693,34670
693,34690
693,34699
694,34705
694,34708
694,34714
694,34728
694,34733
694,34743
694,34745
695,34767
695,34774
695,34789
696,34804
696,34808
696,34838
696,34844
697,34857
697,34866
697,34873
697,34880
697,34884
697,34886
698,34917
698,34926
698,34927
698,34944
699,34952
699,34955
699,34970
699,34992
699,34998
700,35026
700,35046
702,35108
702,35119
702,35120
702,35121
702,35146
703,35161
703,35174
703,35183
704,35203
704,35216
704,35240
704,35241
704,35244
704,35246
704,35249
705,35258
705,35269
705,35287
705,35297
706,35301
706,35317
706,35321
706,35330
707,35371
707,35376
708,35401
708,35410
708,35439
709,35461
709,35466
709,35469
709,35488
709,35498
710,35514
710,35515
710,35529
710,35532
710,35536
710,35542
711,35556
711,35562
711,35567
711,35572
712,35605
712,35609
712,35619
713,35652
713,35659
713,35663
713,35679
713,35688
713,35693
713,35695
714,35703
714,35736
714,35743
715,35752
715,35756
715,35763
715,35798
715,35799
716,35801
716,35803
716,35825
716,35829
716,35834
716,35842
716,35844
717,35852
717,35855
717,35857
717,35880
717,35889
718,35903
718,35931
718,35938
718,35943
719,35959
719,35963
720,36007
720,36012
720,36038
720,36043
720,36049
721,36071
721,36076
721,36077
721,36097
722,36106
722,36120
722,36137
722,36141
723,36150
723,36154
723,36172
723,36176
723,36181
723,36188
723,36195
724,36208
724,36211
724,36215
724,36216
724,36219
724,36221
724,36224
725,36251
725,36254
725,36265
725,36270
725,36278
725,36281
725,36286
725,36287
725,36288
726,36324
726,36335
726,36340
726,36342
727,36351
727,36355
727,36365
727,36385
727,36387
727,36391
727,36394
728,36418
728,36441
728,36444
728,36448
729,36460
729,36486
729,36492
730,36500
730,36503
730,36508
730,36513
730,36516
730,36522
730,36526
730,36546
731,36564
731,36598
732,36601
732,36604
732,36609
732,36616
732,36617
732,36623
732,36624
732,36640
732,36645
732,36647
733,36654
733,36659
733,36667
733,36676
733,36677
733,36684
733,36690
733,36695
733,36696
734,36707
734,36734
734,36748
735,36759
735,36771
735,36772
735,36792
735,36796
736,36800
736,36801
736,36807
736,36809
736,36841
736,36846
737,36879
737,36883
737,36885
737,36895
737,36897
738,36907
738,36910
738,36913
738,36936
739,36953
739,36955
739,36970
739,36975
739,36978
739,36989
739,36992
739,36996
740,37001
740,37007
740,37011
740,37025
740,37026
740,37038
740,37039
741,37051
741,37079
741,37087
741,37090
741,37094
741,37097
741,37099
742,37104
742,37108
742,37117
742,37118
742,37132
743,37150
743,37165
743,37167
743,37175
743,37177
743,37189
744,37208
744,37222
744,37224
744,37225
744,37226
744,37236
744,37238
744,37240
745,37251
745,37274
745,37284
745,37290
746,37303
746,37327
746,37331
746,37336
747,37350
747,37397
748,37433
748,37443
749,37464
749,37468
749,37473
750,37501
750,37507
750,37508
751,37553
751,37562
751,37569
751,37573
751,37583
751,37591
751,37593
751,37594
752,37617
752,37632
752,37647
753,37675
754,37719
754,37723
754,37731
754,37737
754,37748
755,37766
755,37780
756,37801
756,37808
756,37820
756,37838
756,37843
756,37845
757,37856
757,37857
757,37859
757,37861
757,37866
758,37904
758,37912
758,37926
758,37932
758,37935
758,37942
758,37944
759,37955
759,37962
759,37974
759,37978
759,37982
759,37983
759,37984
759,37993
760,38001
760,38002
760,38017
760,38032
760,38033
760,38036
760,38046
760,38047
761,38058
761,38061
761,38081
762,38103
762,38113
762,38117
762,38119
762,38127
762,38137
763,38166
763,38174
764,38205
764,38212
764,38217
764,38225
764,38248
765,38274
765,38276
765,38287
765,38295
766,38306
766,38318
766,38323
766,38339
767,38353
767,38369
767,38392
767,38397
767,38399
768,38402
768,38404
768,38418
768,38420
768,38421
768,38427
768,38428
769,38451
769,38458
769,38478
769,38480
769,38481
769,38488
769,38492
769,38495
769,38498
770,38508
770,38513
770,38520
770,38541
770,38542
770,38548
771,38551
771,38554
771,38565
771,38569
771,38575
771,38591
771,38594
771,38596
772,38602
772,38604
772,38619
772,38640
772,38644
772,38646
773,38679
773,38681
773,38690
773,38697
774,38704
774,38720
774,38733
774,38739
774,38742
774,38744
775,38753
775,38754
775,38757
775,38758
775,38760
775,38766
775,38767
775,38770
775,38774
775,38779
775,38784
775,38789
775,38791
775,38793
775,38795
775,38799
776,38801
776,38804
776,38805
776,38807
776,38820
776,38844
777,38850
777,38862
777,38867
777,38877
777,38879
777,38883
777,38889
777,38893
778,38919
778,38924
778,38930
778,38935
778,38945
778,38946
778,38948
779,38954
779,38967
780,39023
780,39031
780,39033
781,39087
781,39098
782,39101
782,39112
782,39126
782,39140
782,39143
783,39154
783,39165
783,39180
783,39192
783,39196
784,39205
784,39221
784,39229
784,39241
785,39263
785,39264
785,39268
785,39285
785,39288
786,39300
786,39301
787,39361
787,39370
787,39371
787,39399
788,39421
788,39427
788,39429
788,39438
788,39444
789,39456
789,39465
789,39477
789,39479
790,39521
790,39544
791,39551
791,39555
791,39557
791,39579
791,39582
791,39586
791,39593
792,39615
792,39626
792,39630
792,39642
792,39644
792,39649
793,39672
793,39681
793,39685
793,39695
794,39720
794,39723
794,39736
795,39755
795,39756
795,39759
795,39767
795,39797
796,39801
796,39807
796,39811
796,39813
796,39815
796,39817
796,39825
796,39832
796,39834
796,39840
796,39848
797,39858
797,39876
797,39880
797,39891
797,39894
798,39907
798,39914
798,39918
798,39919
798,39923
798,39942
798,39944
799,39958
799,39967
799,39980
799,39983
799,39988
800,40011
800,40025
800,40030
800,40031
800,40043
801,40056
801,40094
801,40096
802,40103
802,40109
802,40138
803,40162
803,40175
803,40176
803,40177
803,40180
803,40197
804,40204
804,40205
804,40219
804,40236
804,40239
805,40262
805,40267
805,40276
805,40291
805,40296
806,40302
806,40313
806,40316
807,40350
807,40362
807,40369
807,40371
807,40374
808,40422
808,40423
808,40428
808,40443
808,40444
809,40453
809,40454
809,40456
809,40458
809,40481
809,40483
809,40485
810,40503
810,40514
810,40517
810,40525
810,40527
810,40531
810,40532
810,40539
810,40543
810,40544
811,40560
811,40561
811,40577
811,40580
812,40604
812,40610
812,40613
812,40624
812,40629
813,40682
813,40686
813,40687
814,40700
814,40701
814,40703
814,40704
814,40716
814,40723
814,40741
814,40742
815,40760
816,40804
816,40810
816,40846
817,40858
817,40859
817,40868
817,40883
818,40909
818,40919
818,40923
818,40935
818,40943
819,40966
819,40974
819,40983
819,40988
819,40992
819,40994
820,41008
820,41027
820,41028
820,41034
820,41035
820,41045
820,41049
821,41059
821,41077
821,41078
821,41084
821,41089
822,41129
822,41139
823,41150
823,41170
823,41183
823,41188
823,41191
823,41194
823,41196
824,41209
824,41245
824,41246
825,41250
825,41280
825,41282
825,41288
825,41289
825,41292
826,41302
826,41312
826,41319
826,41322
826,41327
826,41330
826,41332
826,41339
826,41340
826,41347
827,41370
827,41371
827,41388
827,41394
827,41398
828,41415
828,41417
828,41424
828,41426
828,41429
828,41432
828,41438
829,41453
829,41462
829,41464
829,41477
829,41478
829,41487
830,41508
830,41512
830,41534
831,41550
831,41554
831,41561
831,41566
831,41571
831,41572
831,41581
832,41608
832,41613
832,41624
832,41632
832,41634
832,41641
832,41649
833,41653
833,41655
833,41661
833,41673
833,41680
833,41685
834,41706
834,41714
834,41729
834,41738
835,41782
835,41799
836,41800
836,41824
836,41825
836,41839
837,41862
837,41863
838,41903
838,41907
838,41912
838,41913
838,41922
838,41938
838,41946
839,41956
839,41981
839,41985
839,41991
840,42013
840,42024
841,42051
841,42062
841,42063
841,42073
841,42076
841,42079
841,42088
841,42091
842,42117
842,42129
842,42135
843,42158
843,42171
843,42189
844,42200
844,42204
844,42229
844,42231
844,42232
844,42242
845,42250
845,42252
845,42265
845,42267
845,42298
846,42301
846,42302
846,42307
846,42308
846,42310
846,42321
846,42330
846,42334
846,42335
846,42337
846,42341
846,42344
847,42357
847,42358
847,42360
847,42362
847,42365
847,42366
847,42374
847,42396
848,42442
849,42454
849,42480
849,42484
849,42490
850,42503
850,42512
850,42517
850,42521
850,42539
850,42548
851,42551
851,42560
851,42586
851,42597
852,42600
852,42618
852,42622
852,42646
852,42649
853,42655
853,42668
853,42671
853,42675
853,42681
853,42684
854,42705
854,42706
854,42708
854,42711
854,42718
854,42723
854,42726
854,42729
855,42754
855,42762
855,42769
855,42773
855,42775
855,42778
855,42788
855,42791
856,42802
856,42808
856,42819
856,42822
856,42823
856,42829
856,42831
856,42841
856,42843
857,42858
857,42865
857,42866
857,42878
857,42887
858,42906
858,42909
858,42926
858,42931
858,42945
859,42951
859,42965
859,42997
860,43004
860,43007
860,43020
860,43023
860,43038
860,43049
861,43053
861,43074
861,43076
861,43078
861,43087
862,43105
862,43116
862,43133
863,43163
863,43165
863,43169
863,43189
864,43211
864,43223
864,43224
864,43237
864,43239
865,43261
865,43284
866,43303
866,43304
866,43312
866,43319
866,43322
866,43332
866,43336
866,43338
866,43348
867,43352
867,43375
867,43376
867,43392
867,43394
868,43405
868,43408
868,43417
868,43432
868,43435
868,43440
869,43459
869,43463
869,43478
870,43507
870,43509
870,43515
870,43532
870,43533
870,43542
871,43554
871,43563
871,43564
871,43587
871,43593
871,43594
872,43604
872,43605
872,43609
872,43610
872,43611
872,43625
872,43636
872,43640
872,43642
872,43643
873,43671
873,43673
873,43681
873,43696
874,43704
874,43706
874,43712
874,43723
874,43731
874,43743
874,43745
875,43750
875,43755
875,43763
875,43772
875,43779
875,43781
876,43820
876,43833
876,43835
876,43846
877,43857
877,43865
877,43868
877,43873
877,43874
877,43880
877,43883
877,43887
877,43896
878,43905
878,43928
878,43934
878,43938
878,43940
878,43943
880,44006
880,44037
880,44041
881,44050
881,44062
881,44070
881,44074
881,44083
882,44100
882,44107
882,44131
882,44137
883,44186
884,44200
884,44224
884,44241
884,44246
884,44248
885,44258
885,44279
885,44281
885,44287
886,44303
886,44306
886,44309
886,44311
886,44343
886,44348
887,44354
887,44375
887,44377
887,44387
888,44405
888,44431
888,44433
888,44438
888,44445
889,44464
890,44500
890,44501
890,44508
890,44515
890,44530
890,44549
891,44551
891,44575
891,44580
891,44588
892,44613
892,44619
892,44624
892,44628
892,44642
893,44651
893,44671
893,44676
893,44682
893,44685
893,44698
894,44705
894,44717
894,44721
895,44753
895,44758
895,44768
895,44775
895,44783
895,44786
895,44792
895,44798
896,44804
896,44813
896,44815
896,44826
896,44837
896,44849
897,44877
897,44881
897,44895
898,44921
898,44928
898,44945
899,44954
899,44977
899,44978
899,44987
900,45017
900,45022
900,45023
900,45036
900,45039
900,45042
900,45043
901,45057
901,45071
901,45089
902,45121
902,45124
902,45130
903,45164
903,45172
903,45173
903,45188
904,45204
904,45214
904,45226
904,45239
904,45244
904,45246
905,45253
905,45270
905,45281
905,45289
906,45309
906,45339
906,45343
907,45354
907,45355
907,45362
907,45373
907,45379
907,45383
908,45419
908,45423
908,45425
908,45433
908,45440
909,45453
909,45471
909,45475
909,45486
909,45492
910,45506
910,45514
910,45516
910,45517
910,45536
910,45540
910,45546
911,45555
911,45559
911,45562
911,45564
911,45578
911,45579
911,45592
911,45596
912,45606
912,45607
912,45609
912,45635
912,45641
912,45646
913,45650
913,45653
913,45658
913,45660
913,45670
913,45674
913,45675
913,45677
913,45688
913,45698
914,45731
914,45737
915,45756
915,45770
915,45775
915,45776
915,45778
915,45798
916,45813
916,45821
916,45825
916,45828
916,45838
916,45846
917,45851
917,45862
917,45863
917,45864
917,45873
917,45880
917,45889
917,45897
917,45899
918,45900
918,45910
918,45949
919,45953
919,45968
919,45972
919,45991
919,45999
920,46032
920,46039
921,46054
921,46059
921,46067
921,46083
922,46107
922,46108
922,46112
922,46130
922,46131
922,46133
922,46145
923,46151
923,46179
923,46188
923,46195
923,46196
924,46214
924,46215
924,46228
925,46262
925,46265
925,46274
925,46280
925,46287
925,46290
925,46291
925,46293
926,46315
926,46321
926,46323
926,46340
926,46343
926,46349
927,46350
927,46359
927,46363
927,46369
927,46399
928,46415
928,46417
928,46420
928,46445
928,46449
929,46465
929,46471
929,46482
929,46496
930,46501
930,46505
930,46516
930,46529
930,46543
931,46552
931,46563
931,46570
931,46572
931,46576
931,46590
931,46591
931,46596
932,46623
932,46626
932,46647
933,46654
933,46699
934,46705
934,46724
934,46726
934,46742
934,46748
935,46777
935,46780
936,46810
936,46811
936,46815
936,46822
936,46837
937,46851
937,46853
937,46855
937,46864
937,46879
937,46894
937,46896
938,46913
938,46917
938,46928
938,46938
939,46955
939,46979
939,46982
939,46999
940,47002
940,47006
940,47012
940,47013
940,47016
940,47018
940,47037
941,47053
941,47066
941,47075
941,47090
941,47093
942,47106
942,47111
942,47130
942,47133
942,47146
943,47153
943,47168
943,47171
943,47181
943,47195
943,47196
944,47208
944,47211
944,47244
944,47248
945,47250
945,47291
946,47314
946,47332
946,47340
946,47345
946,47348
947,47360
947,47363
947,47389
948,47408
948,47411
948,47413
948,47417
948,47427
948,47443
949,47457
949,47463
949,47478
949,47484
949,47489
949,47492
949,47498
949,47499
950,47511
950,47522
950,47525
950,47528
950,47543
950,47545
951,47555
951,47556
951,47570
951,47593
952,47605
952,47616
952,47620
952,47624
952,47625
952,47627
953,47650
953,47658
953,47676
953,47683
953,47684
953,47690
954,47706
954,47714
955,47760
955,47780
955,47792
955,47795
956,47804
956,47808
956,47810
956,47822
956,47824
956,47830
956,47834
956,47838
956,47843
957,47871
957,47881
957,47884
958,47902
958,47909
958,47913
958,47917
958,47925
958,47930
958,47938
958,47942
958,47949
959,47957
959,47966
959,47992
960,48014
960,48017
960,48028
960,48040
960,48043
960,48047
961,48064
961,48073
961,48094
962,48106
962,48108
962,48109
962,48115
962,48119
962,48136
963,48162
963,48173
963,48181
963,48198
964,48202
964,48218
964,48239
964,48244
965,48251
965,48252
965,48264
965,48276
965,48298
966,48300
966,48316
966,48317
966,48326
966,48327
966,48340
966,48346
967,48356
967,48360
967,48370
967,48382
967,48393
968,48404
968,48424
968,48425
968,48445
969,48465
969,48468
969,48476
969,48483
969,48488
969,48493
970,48507
970,48510
970,48514
970,48537
970,48541
971,48581
971,48583
972,48605
972,48612
972,48640
972,48645
973,48665
973,48668
973,48670
973,48672
973,48684
973,48688
973,48694
974,48700
974,48705
974,48711
974,48726
974,48732
974,48745
975,48756
975,48758
975,48768
975,48782
975,48783
975,48789
975,48790
976,48800
976,48808
976,48832
976,48840
976,48845
976,48847
976,48849
977,48856
977,48865
977,48866
977,48868
977,48880
978,48905
978,48908
978,48925
978,48929
978,48938
978,48941
978,48945
978,48946
979,48954
979,48957
979,48975
979,48991
980,49008
980,49021
980,49033
980,49037
980,49041
981,49063
981,49064
981,49065
981,49082
981,49086
981,49087
981,49091
981,49095
982,49117
982,49147
983,49164
983,49171
983,49173
983,49175
983,49177
983,49189
983,49197
984,49201
984,49218
984,49221
984,49226
984,49234
984,49236
985,49271
985,49274
985,49291
985,49296
986,49309
986,49317
986,49318
986,49322
986,49324
986,49330
986,49336
986,49342
986,49343
986,49349
987,49353
987,49374
987,49377
988,49403
988,49415
988,49426
988,49443
988,49444
988,49446
989,49452
989,49457
989,49458
989,49482
989,49490
990,49500
990,49526
990,49536
990,49538
990,49543
991,49553
991,49558
991,49567
991,49571
991,49578
991,49579
991,49593
992,49600
992,49615
992,49620
992,49633
992,49640
992,49646
992,49648
993,49651
993,49652
993,49682
994,49703
994,49705
994,49708
994,49716
994,49719
994,49721
994,49734
994,49740
994,49743
995,49759
995,49760
995,49767
995,49787
995,49788
996,49802
996,49806
996,49810
996,49827
996,49829
996,49840
997,49852
997,49857
997,49859
997,49871
997,49891
997,49894
997,49896
998,49907
998,49911
998,49926
999,49950
999,49958
999,49960
999,49962
999,49965
999,49966
999,49975
999,49978
999,49980
999,49989
999,49998
